conversation_history	ori_query	ori_rewrited_query	answer	unique_idx	candidates	plan	new_query	rewrited_query	query
['turn 1: Gather all Office documents (.doc, .docx, .xls, .xlsx, .ppt) in one go. -> Alright, you can select multiple Office documents—Word (.doc/.docx), Excel (.xls/.xlsx), and PowerPoint (.ppt). Please choose the files.']	Then create a new one titled MeetingNotes.docx	Then create a new Word document titled MeetingNotes.docx	{'plan': 'ACTION_CREATE_DOCUMENT', 'arguments': {'mime_type': 'application/vnd.openxmlformats-officedocument.wordprocessingml.document', 'initial_name': 'MeetingNotes.docx'}}	ACTION_OPEN_DOCUMENT-154-ACTION_CREATE_DOCUMENT-1	['ACTION_OPEN_DOCUMENT', 'ACTION_OPEN_CONTENT', 'get_contact_info_from_uri', 'play_music', 'ACTION_CREATE_DOCUMENT']	ACTION_CREATE_DOCUMENT	Then please create a new Word document named MeetingNotes.docx.	Create a new Word document named MeetingNotes.docx.	Then plase create a new Word document named MeetingNotes.docx.
['turn 1: Pick any type of file. -> Sure, please select a file of any type.']	Okay, make a new one named Notes.txt	Okay, make a new file named Notes.txt	{'plan': 'ACTION_CREATE_DOCUMENT', 'arguments': {'mime_type': 'text/plain', 'initial_name': 'Notes.txt'}}	ACTION_OPEN_DOCUMENT-155-ACTION_CREATE_DOCUMENT-1	['ACTION_VIEW_CALL_LOG', 'play_music', 'ACTION_CREATE_DOCUMENT', 'ACTION_VIEW_RECENT_APPS', 'ACTION_GET_CONTENT']	ACTION_CREATE_DOCUMENT	"Okay, create a new file named ""Notes.txt."""	"Please create a new file named ""Notes.txt."""	"Okay, cretae a new file named ""Notes.txt."""
"[""turn 1: Let me choose any document for summarization. -> Please choose any document file you'd like to summarize.""]"	Create a new one named Summary.txt.	Create a new document for summarization named Summary.txt.	{'plan': 'ACTION_CREATE_DOCUMENT', 'arguments': {'mime_type': 'text/plain', 'initial_name': 'Summary.txt'}}	ACTION_GET_CONTENT-188-ACTION_CREATE_DOCUMENT-1	['search_location', 'ACTION_VIDEO_CAPTURE', 'ACTION_SET_ALARM', 'ACTION_CREATE_DOCUMENT', 'ACTION_VIEW_SENT_EMAILS']	ACTION_CREATE_DOCUMENT	Please create a new document named 'Summary.txt'.	Please create a new summary document named 'Summary.txt'.	Please create a new documet named 'Summary.txt'.
"[""turn 1: I'd like to upload any type of file for a quick backup. -> Your file has been selected for backup: content://files/backup_archive.zip""]"	Save it as a new ZIP file named FullBackup.zip	Save content://files/backup_archive.zip as a new ZIP file named FullBackup.zip	{'plan': 'ACTION_CREATE_DOCUMENT', 'arguments': {'mime_type': 'application/zip', 'initial_name': 'FullBackup.zip'}}	ACTION_GET_CONTENT-170-ACTION_CREATE_DOCUMENT-1	['ACTION_CREATE_DOCUMENT', 'get_contact_info_from_uri', 'play_music', 'INTENT_ACTION_VIDEO_CAMERA', 'dial']	ACTION_CREATE_DOCUMENT	Please save the backup as a new ZIP file named FullBackup.zip.	Please save the file (content://files/backup_archive.zip) as a new ZIP archive named FullBackup.zip.	Please save the backup as a knew ZIP file named FullBackup.zip.
['turn 1: I need a single PDF invoice. -> Understood—select the PDF invoice you need.']	Let's create one named Invoice.pdf	Let's create a PDF invoice named Invoice.pdf	{'plan': 'ACTION_CREATE_DOCUMENT', 'arguments': {'mime_type': 'application/pdf', 'initial_name': 'Invoice.pdf'}}	ACTION_GET_CONTENT-211-ACTION_CREATE_DOCUMENT-1	['ACTION_CREATE_DOCUMENT', 'ACTION_SHOW_ALARMS', 'web_search', 'ACTION_OPEN_CONTENT', 'ACTION_VIEW_EVENT']	ACTION_CREATE_DOCUMENT	Could you please create a PDF invoice named 'Invoice.pdf'?	Please create a PDF invoice named 'Invoice.pdf'.	Could you please crate a PDF invoice named 'Invoice.pdf'?
['turn 1: Open a fresh Markdown document called PROJECT_OVERVIEW.md. -> Done—PROJECT_OVERVIEW.md has been created at content://documents/PROJECT_OVERVIEW.md.']	Insert an introductory section with key objectives into it.	Insert an introductory section with key objectives into content://documents/PROJECT_OVERVIEW.md.	{'plan': 'ACTION_EDIT_DOCUMENT', 'arguments': {'document_uri': 'content://documents/PROJECT_OVERVIEW.md', 'content': 'introductory section with key objectives'}}	ACTION_CREATE_DOCUMENT-17-ACTION_EDIT_DOCUMENT-1	['ACTION_VIDEO_CAPTURE', 'ACTION_VIEW_SENT_EMAILS', 'ACTION_EDIT_ALARM', 'ACTION_EDIT_DOCUMENT', 'ACTION_INSERT_EVENT']	ACTION_EDIT_DOCUMENT	Please insert an introductory section outlining the project's key objectives.	Please insert an introductory section outlining the project's key objectives into content://documents/PROJECT_OVERVIEW.md.	Please insert an intoductory section outlining the project's key objectives.
"[""turn 1: I'd like to create a new PowerPoint slide deck titled DraftDeck.pptx. -> DraftDeck.pptx is ready! You can find it here: content://documents/DraftDeck.pptx.""]"	Add a title slide and a summary slide to it.	Add a title slide and a summary slide to content://documents/DraftDeck.pptx.	{'plan': 'ACTION_EDIT_DOCUMENT', 'arguments': {'document_uri': 'content://documents/DraftDeck.pptx', 'content': 'title slide and a summary slide'}}	ACTION_CREATE_DOCUMENT-16-ACTION_EDIT_DOCUMENT-1	['ACTION_VIEW_WEB_HISTORY', 'INTENT_ACTION_VIDEO_CAMERA', 'ACTION_EDIT_DOCUMENT', 'get_contact_info', 'ACTION_EDIT_CONTACT']	ACTION_EDIT_DOCUMENT	Could you add a title slide and a summary slide to it?	Could you add a title slide and a summary slide to the DraftDeck.pptx file (content://documents/DraftDeck.pptx)?	Could you add a title slide and a summary slide two it?
['turn 1: Spin up a Markdown file named Changelog.md. -> Changelog.md is ready! Find your new Markdown file at content://documents/Changelog.md']	Open it and append the latest update entries	Open content://documents/Changelog.md and append the latest update entries	{'plan': 'ACTION_EDIT_DOCUMENT', 'arguments': {'document_uri': 'content://documents/Changelog.md', 'content': 'Append the latest update entries'}}	ACTION_CREATE_DOCUMENT-42-ACTION_EDIT_DOCUMENT-1	['ACTION_IMAGE_CAPTURE', 'ACTION_EDIT_ALARM', 'INTENT_ACTION_VIDEO_CAMERA', 'ACTION_VIEW_EVENT', 'ACTION_EDIT_DOCUMENT']	ACTION_EDIT_DOCUMENT	Open the Changelog.md file and append the latest updates.	Open the file at content://documents/Changelog.md and append the latest updates.	Open the Changelog.md file and apend the latest updates.
['turn 1: Please create a PDF invoice named Invoice_March2024.pdf. -> Invoice_March2024.pdf has been created successfully at content://documents/Invoice_March2024.pdf.']	Append payment terms to it at the end of the document.	Append payment terms to content://documents/Invoice_March2024.pdf at the end of the document.	{'plan': 'ACTION_EDIT_DOCUMENT', 'arguments': {'document_uri': 'content://documents/Invoice_March2024.pdf', 'content': 'payment terms'}}	ACTION_CREATE_DOCUMENT-15-ACTION_EDIT_DOCUMENT-1	['open_settings', 'INTENT_ACTION_VIDEO_CAMERA', 'ACTION_EDIT_DOCUMENT', 'dial', 'ACTION_INSERT_CONTACT']	ACTION_EDIT_DOCUMENT	Could you please append the payment terms to the end of the invoice?	Could you please append the payment terms to the end of Invoice_March2024.pdf (content://documents/Invoice_March2024.pdf)?	Could you please append the paymnet terms to the end of the invoice?
"[""turn 1: Set up a binary dump file named dump.bin. -> Binary dump 'dump.bin' has been created. You can find it at content://documents/dump.bin""]"	Prepend the ASCII pattern 0xCAFEBABE to it.	Prepend the ASCII pattern 0xCAFEBABE to content://documents/dump.bin.	{'plan': 'ACTION_EDIT_DOCUMENT', 'arguments': {'document_uri': 'content://documents/dump.bin', 'content': '0xCAFEBABE'}}	ACTION_CREATE_DOCUMENT-48-ACTION_EDIT_DOCUMENT-1	['ACTION_SHOW_ALARMS', 'ACTION_PICK', 'ACTION_SET_TIMER', 'ACTION_EDIT_DOCUMENT', 'play_video']	ACTION_EDIT_DOCUMENT	Could you prepend the hexadecimal sequence 0xCAFEBABE to the beginning of the file at content://documents/dump.bin?	Please prepend the hex sequence 0xCAFEBABE to content://documents/dump.bin.	Could you prepend the hexadecimal sequence 0xCAFEBABE to the beggining of the file at content://documents/dump.bin?
['turn 1: Open the camera for shooting video. -> All set! Video camera opened.']	Let me choose that video.	Let me choose content://media/external/video/media/1.	{'plan': 'ACTION_GET_CONTENT', 'arguments': {'mime_type': 'video/*'}}	INTENT_ACTION_VIDEO_CAMERA-896-ACTION_GET_CONTENT-1	['ACTION_GET_RINGTONE', 'ACTION_VIEW_WEB_HISTORY', 'ACTION_CREATE_DOCUMENT', 'ACTION_GET_CONTENT', 'ACTION_VIEW_SENT_MESSAGES']	ACTION_GET_CONTENT	Please select the video.	Please select the video at content://media/external/video/media/1.	Please select the vdeo.
['turn 1: Please open up video camera application. -> Video camera application is now active.']	Select a clip from it.	Select a clip from the video camera application.	{'plan': 'ACTION_GET_CONTENT', 'arguments': {'mime_type': 'video/*'}}	INTENT_ACTION_VIDEO_CAMERA-899-ACTION_GET_CONTENT-1	['ACTION_IMAGE_CAPTURE', 'ACTION_SET_TIMER', 'get_contact_info', 'ACTION_GET_CONTENT', 'ACTION_EDIT_ALARM']	ACTION_GET_CONTENT	Please select a clip from the camera app.	Select a clip from the video camera app.	Please select a clip from the karma app.
['turn 1: Bring up the movie camera function. -> Video camera launched successfully, ready to record.']	Select it from my gallery.	Select video camera from my gallery.	{'plan': 'ACTION_GET_CONTENT', 'arguments': {'mime_type': 'video/*'}}	INTENT_ACTION_VIDEO_CAMERA-893-ACTION_GET_CONTENT-1	['ACTION_INSERT_CONTACT', 'launch_application', 'open_settings', 'ACTION_VIEW_RECENT_APPS', 'ACTION_GET_CONTENT']	ACTION_GET_CONTENT	Please select the recorded video from my gallery.	Select the recorded video from my gallery.	Please select the recorded video from my galery.
['turn 1: Launch video recording tool. -> Video camera tool launched successfully.']	Pick the video I just recorded with it.	Pick the video I just recorded with video camera tool.	{'plan': 'ACTION_GET_CONTENT', 'arguments': {'mime_type': 'video/*'}}	INTENT_ACTION_VIDEO_CAMERA-897-ACTION_GET_CONTENT-1	['ACTION_OPEN_DOCUMENT', 'ACTION_VIEW_SENT_MESSAGES', 'ACTION_EDIT_CONTACT', 'ACTION_GET_CONTENT', 'ACTION_CREATE_DOCUMENT']	ACTION_GET_CONTENT	Pick the video I just recorded.	Pick the video I just recorded with the video camera tool.	Pick the video I jsut recorded.
['turn 1: I want to set audio with ID 400 as my ringtone: content://media/internal/audio/media/400 -> All done—your ringtone has been updated to audio item 400.']	Let's try something different instead of that	Let's try something different instead of content://media/internal/audio/media/400	{'plan': 'ACTION_GET_RINGTONE', 'arguments': {}}	ACTION_SET_RINGTONE-1614-ACTION_GET_RINGTONE-1	['ACTION_INSERT_EVENT', 'ACTION_VIEW_SENT_EMAILS', 'ACTION_GET_RINGTONE', 'ACTION_VIEW_CONTACT', 'ACTION_EDIT_DOCUMENT']	ACTION_GET_RINGTONE	Can we try a different ringtone instead?	Can we try a different ringtone instead of audio item 400?	Can we try a diferent ringtone instead?
['turn 1: Could you apply this media ext file as ringtone: content://media/external/audio/media/305 -> Your ringtone is now set to media ID 305.']	Can you show me other options besides it?	Can you show me other options besides content://media/external/audio/media/305?	{'plan': 'ACTION_GET_RINGTONE', 'arguments': {}}	ACTION_SET_RINGTONE-1613-ACTION_GET_RINGTONE-1	['ACTION_SET_ALARM', 'ACTION_INSERT_EVENT', 'ACTION_EDIT_ALARM', 'ACTION_GET_RINGTONE', 'ACTION_NAVIGATE_TO_LOCATION']	ACTION_GET_RINGTONE	Could you show me some other options besides this one?	Could you show me other ringtone options besides media ID 305?	Could you show me some other options besides this won?
['turn 1: Use audio 60 from documents: content://com.android.providers.media.documents/document/audio%3A60 -> Your ringtone has been set to audio ID 60 from Documents.']	Can you let me pick another tune instead of it?	Can you let me pick another tune instead of audio ID 60 from Documents?	{'plan': 'ACTION_GET_RINGTONE', 'arguments': {}}	ACTION_SET_RINGTONE-1605-ACTION_GET_RINGTONE-1	['INTENT_ACTION_STILL_IMAGE_CAMERA', 'ACTION_GET_RINGTONE', 'get_contact_info', 'ACTION_VIEW_PLAYLIST', 'send_message']	ACTION_GET_RINGTONE	Could I pick another tune instead?	Could I pick another tune instead of the one from audio ID 60 in Documents?	Could you schedule a meeting at tree thirty?
['turn 1: Make the soft chime in Ringtones folder my ringtone: content://storage/emulated/0/Ringtones/soft_chime.wav -> Soft_chime.wav has been assigned as your new ringtone.']	This isn't what I want, pick another	content://storage/emulated/0/Ringtones/soft_chime.wav isn't what I want, pick another	{'plan': 'ACTION_GET_RINGTONE', 'arguments': {}}	ACTION_SET_RINGTONE-1612-ACTION_GET_RINGTONE-1	['get_contact_info_from_uri', 'ACTION_GET_CONTENT', 'ACTION_GET_RINGTONE', 'ACTION_SHOW_TIMERS', 'open_settings']	ACTION_GET_RINGTONE	That’s not quite what I wanted. Could you choose a different ringtone?	content://storage/emulated/0/Ringtones/soft_chime.wav isn’t what I’m looking for. Could you pick another ringtone?	That’s not quite what I wanted. Could you choose a different rington?
"[""turn 1: I'd like calls to ring with audio item 250: content://media/internal/audio/media/250 -> Done! Incoming calls will now play audio item 250.""]"	Can I try a different tone than it?	Can I try a different tone than content://media/internal/audio/media/250?	{'plan': 'ACTION_GET_RINGTONE', 'arguments': {}}	ACTION_SET_RINGTONE-1609-ACTION_GET_RINGTONE-1	['ACTION_OPEN_DOCUMENT', 'ACTION_GET_RINGTONE', 'web_search', 'launch_application', 'ACTION_VIDEO_CAPTURE']	ACTION_GET_RINGTONE	Can I try a different ringtone?	Could I use a different ringtone?	Can I try a differnt ringtone?
['turn 1: Invoke the camera for a quick snapshot. -> Camera invoked. Ready for a quick snapshot.']	Capture it and save it as profile_pic.jpg	Capture a quick snapshot and save it as profile_pic.jpg	{'plan': 'ACTION_IMAGE_CAPTURE', 'arguments': {'file_uri': 'profile_pic.jpg'}}	INTENT_ACTION_STILL_IMAGE_CAMERA-848-ACTION_IMAGE_CAPTURE-1	['dial', 'ACTION_VIDEO_CAPTURE', 'ACTION_IMAGE_CAPTURE', 'play_music', 'search_location']	ACTION_IMAGE_CAPTURE	Could you take a quick photo and save it as profile_pic.jpg?	Take a quick photo and save it as profile_pic.jpg.	Could you take a qucik photo and save it as profile_pic.jpg?
['turn 1: Launch the still camera so I can take a shot. -> Still-image camera opened.']	Take a shot with it.	Take a shot with the still-image camera.	{'plan': 'ACTION_IMAGE_CAPTURE', 'arguments': {}}	INTENT_ACTION_STILL_IMAGE_CAMERA-854-ACTION_IMAGE_CAPTURE-1	['ACTION_VIEW_PLAYLIST', 'ACTION_PICK', 'ACTION_CREATE_DOCUMENT', 'ACTION_IMAGE_CAPTURE', 'ACTION_GET_RINGTONE']	ACTION_IMAGE_CAPTURE	Take a photo with it.	Take a photo with the still-image camera.	Take a photo width it.
['turn 1: Please start the camera in photo capture mode. -> Photo mode enabled, ready for capture.']	Use it to capture a shot and save it to content://myapp/photos/latest.jpg.	Use photo capture mode to capture a shot and save it to content://myapp/photos/latest.jpg.	{'plan': 'ACTION_IMAGE_CAPTURE', 'arguments': {'file_uri': 'content://myapp/photos/latest.jpg'}}	INTENT_ACTION_STILL_IMAGE_CAMERA-858-ACTION_IMAGE_CAPTURE-1	['play_video', 'ACTION_EDIT_DOCUMENT', 'ACTION_IMAGE_CAPTURE', 'ACTION_VIEW_RECENT_APPS', 'ACTION_SET_ALARM']	ACTION_IMAGE_CAPTURE	Take a photo and save it to content://myapp/photos/latest.jpg.	Take a photo and save it to content://myapp/photos/latest.jpg.	Take a phot and save it to content://myapp/photos/latest.jpg.
['turn 1: Turn on the photo snapper. -> Ready for your shot!']	Go ahead and snap a photo with it.	Go ahead and snap a photo with the photo snapper.	{'plan': 'ACTION_IMAGE_CAPTURE', 'arguments': {}}	INTENT_ACTION_STILL_IMAGE_CAMERA-855-ACTION_IMAGE_CAPTURE-1	['ACTION_INSERT_CONTACT', 'ACTION_CREATE_DOCUMENT', 'get_contact_info_from_uri', 'ACTION_IMAGE_CAPTURE', 'ACTION_SET_RINGTONE']	ACTION_IMAGE_CAPTURE	Please go ahead and take a picture with it.	Please go ahead and take a picture with the photo snapper.	Please go ahead and take a pitcher with it.
['turn 1: Open the device camera for capturing a still image. -> Default camera launched for still image capture.']	Let’s capture it.	Let’s capture a still image.	{'plan': 'ACTION_IMAGE_CAPTURE', 'arguments': {}}	INTENT_ACTION_STILL_IMAGE_CAMERA-857-ACTION_IMAGE_CAPTURE-1	['ACTION_EDIT_VIDEO', 'ACTION_VIEW_WEB_HISTORY', 'ACTION_EDIT_DOCUMENT', 'ACTION_OPEN_CONTENT', 'ACTION_IMAGE_CAPTURE']	ACTION_IMAGE_CAPTURE	Let’s take a picture.	Let’s take a picture.	Let’s take a pitcher.
['turn 1: Can you find Eiffel Tower’s exact GPS? -> Coordinates for the Eiffel Tower: 48.8584° N, 2.2945° E.']	Book a photo session there this Friday at sunset for two hours.	Book a photo session at 48.8584° N, 2.2945° E this Friday at sunset for two hours.	{'plan': 'ACTION_INSERT_EVENT', 'arguments': {'TITLE': 'Photo Session', 'DESCRIPTION': 'Photo session', 'EVENT_LOCATION': '48.8584° N, 2.2945° E', 'BEGIN_TIME': 1683313200000, 'END_TIME': 1683320400000}}	search_location-1177-ACTION_INSERT_EVENT-1	['ACTION_SET_ALARM', 'ACTION_SHOW_TIMERS', 'INTENT_ACTION_VIDEO_CAMERA', 'ACTION_INSERT_EVENT', 'ACTION_CREATE_DOCUMENT']	ACTION_INSERT_EVENT	Could you please schedule a two-hour photo session by the Eiffel Tower this Friday at sunset?	Could you please schedule a two-hour photo session at 48.8584° N, 2.2945° E this Friday at sunset?	Could you please schedule a two our photo session by the Eiffel Tower this Friday at sunset?
['turn 1: I want directions to the Colón Theatre in Buenos Aires. -> Showing Teatro Colón: Tucumán 1171, C1016 CABA, Argentina.']	Add a rehearsal there tomorrow from 10am to noon.	Add a rehearsal at Tucumán 1171, C1016 CABA, Argentina tomorrow from 10am to noon.	{'plan': 'ACTION_INSERT_EVENT', 'arguments': {'TITLE': 'Rehearsal', 'DESCRIPTION': 'Rehearsal', 'EVENT_LOCATION': 'Tucumán 1171, C1016 CABA, Argentina', 'BEGIN_TIME': 1683021600000, 'END_TIME': 1683032400000}}	search_location-1178-ACTION_INSERT_EVENT-1	['ACTION_VIEW_RECENT_APPS', 'ACTION_SET_TIMER', 'web_search', 'ACTION_INSERT_EVENT', 'ACTION_VIEW_CALL_LOG']	ACTION_INSERT_EVENT	Schedule a rehearsal there tomorrow from 10 AM to noon.	Schedule a rehearsal at the Colón Theatre (Tucumán 1171, C1016 CABA, Argentina) tomorrow from 10 AM to noon.	Schedule a rehearal there tomorrow from 10 AM to noon.
['turn 1: I want to see where the Burj Khalifa is in Dubai. -> Got it! The Burj Khalifa is at 1 Sheikh Mohammed bin Rashid Blvd, Dubai, UAE. Showing it now.']	Add a 'Burj Khalifa Visit' event there tomorrow from 14:00 to 16:00.	Add a 'Burj Khalifa Visit' event at 1 Sheikh Mohammed bin Rashid Blvd, Dubai, UAE tomorrow from 14:00 to 16:00.	{'plan': 'ACTION_INSERT_EVENT', 'arguments': {'TITLE': 'Burj Khalifa Visit', 'DESCRIPTION': 'Burj Khalifa visit', 'EVENT_LOCATION': '1 Sheikh Mohammed bin Rashid Blvd, Dubai, UAE', 'BEGIN_TIME': 1683036000000, 'END_TIME': 1683043200000}}	search_location-1164-ACTION_INSERT_EVENT-1	['ACTION_VIEW_RECENT_APPS', 'ACTION_INSERT_EVENT', 'ACTION_OPEN_DOCUMENT', 'ACTION_PICK', 'ACTION_EDIT_ALARM']	ACTION_INSERT_EVENT	Please add an event titled 'Visit to the Burj Khalifa' there tomorrow from 2:00 PM to 4:00 PM.	Please add an event titled 'Visit to the Burj Khalifa' at 1 Sheikh Mohammed bin Rashid Blvd, Dubai, UAE, tomorrow from 2:00 PM to 4:00 PM.	Please add an evnet titled 'Visit to the Burj Khalifa' there tomorrow from 2:00 PM to 4:00 PM.
['turn 1: Where is the zoo closest to me? -> Nearest zoo found: Smithsonian National Zoo, 3001 Connecticut Ave NW, Washington, DC 20008, USA.']	Set a family outing there this Sunday from 11am to 3pm.	Set a family outing at Smithsonian National Zoo, 3001 Connecticut Ave NW, Washington, DC 20008, USA this Sunday from 11am to 3pm.	{'plan': 'ACTION_INSERT_EVENT', 'arguments': {'TITLE': 'Family Outing', 'DESCRIPTION': 'Family outing', 'EVENT_LOCATION': 'Smithsonian National Zoo, 3001 Connecticut Ave NW, Washington, DC 20008, USA', 'BEGIN_TIME': 1683457200000, 'END_TIME': 1683471600000}}	search_location-1180-ACTION_INSERT_EVENT-1	['INTENT_ACTION_STILL_IMAGE_CAMERA', 'ACTION_INSERT_EVENT', 'ACTION_VIDEO_CAPTURE', 'ACTION_EDIT_VIDEO', 'play_video']	ACTION_INSERT_EVENT	I'd like to plan a family outing at the Smithsonian National Zoo this Sunday from 11 AM to 3 PM.	Please plan a family outing at the Smithsonian National Zoo (3001 Connecticut Ave NW, Washington, DC 20008) this Sunday from 11 AM to 3 PM.	I'd like to plan a family outing at the Smithsonian National Zoo this Sunday from 11 AM too 3 PM.
['turn 1: Show me where Mount Kilimanjaro stands. -> Mount Kilimanjaro is at 3.0674°\xa0S, 37.3556°\xa0E—displaying it on your map now.']	Set up a 'Kilimanjaro Hike' event there this Friday from 6:00 to 9:00.	Set up a 'Kilimanjaro Hike' event at 3.0674° S, 37.3556° E this Friday from 6:00 to 9:00.	{'plan': 'ACTION_INSERT_EVENT', 'arguments': {'TITLE': 'Kilimanjaro Hike', 'DESCRIPTION': 'Kilimanjaro hike', 'EVENT_LOCATION': '3.0674° S, 37.3556° E', 'BEGIN_TIME': 1683266400000, 'END_TIME': 1683277200000}}	search_location-1162-ACTION_INSERT_EVENT-1	['ACTION_EDIT_CONTACT', 'ACTION_INSERT_EVENT', 'ACTION_OPEN_CONTENT', 'get_contact_info', 'ACTION_VIEW_PLAYLIST']	ACTION_INSERT_EVENT	"Could you set up a ""Kilimanjaro Hike"" event there this Friday from 6:00 PM to 9:00 PM?"	"Could you set up a ""Kilimanjaro Hike"" event at 3.0674° S, 37.3556° E this Friday from 6:00 PM to 9:00 PM?"	"Could you set up a ""Kilimanjaro Hike"" event their this Friday from 6:00 PM to 9:00 PM?"
['turn 1: Can you list the alarms I have set up? -> Sure thing! You’ve got 2 alarms: [alarm_id: 1 - 7:45 AM, Breakfast; alarm_id: 2 - 5:00 PM, Evening Stretch]']	Set one for 6:00 AM tomorrow with the BirdsChirping ringtone.	Set an alarm for 6:00 AM tomorrow with the BirdsChirping ringtone.	{'plan': 'ACTION_SET_ALARM', 'arguments': {'EXTRA_HOUR': 6, 'EXTRA_MINUTES': 0, 'EXTRA_RINGTONE': 'BirdsChirping'}}	ACTION_SHOW_ALARMS-655-ACTION_SET_ALARM-1	['ACTION_SET_TIMER', 'play_music', 'ACTION_EDIT_ALARM', 'ACTION_VIEW_PLAYLIST', 'ACTION_SET_ALARM']	ACTION_SET_ALARM	Set an alarm for tomorrow at 6:00 AM with the Birds Chirping ringtone.	Set an alarm for tomorrow at 6:00 AM using the Birds Chirping ringtone.	Set an alarm for tomorrow at 6:00 AM with the Birds Chirpin ringtone.
['turn 1: Show me the list of ringtones on my phone; I want to choose one. -> Displaying your phone’s ringtone library now. Please select a tone.']	Create an alarm at 9:00 AM labeled Workout using it	Create an alarm at 9:00 AM labeled Workout using a ringtone from your phone’s ringtone library	{'plan': 'ACTION_SET_ALARM', 'arguments': {'EXTRA_HOUR': 9, 'EXTRA_MINUTES': 0, 'EXTRA_MESSAGE': 'Workout'}}	ACTION_GET_RINGTONE-280-ACTION_SET_ALARM-1	['search_location', 'ACTION_SHOW_ALARMS', 'ACTION_IMAGE_CAPTURE', 'dial', 'ACTION_SET_ALARM']	ACTION_SET_ALARM	Set a 9:00 AM alarm labeled 'Workout' with this ringtone.	Set a 9:00 AM alarm named 'Workout' using a tone from my phone’s ringtone library.	Set a 9:00 AM alram labeled 'Workout' with this ringtone.
['turn 1: Show available alarm sounds for me to select. -> Alarm sound chosen: content://media/ringtone/tropical_dawn.mp3']	Use it for my alarm.	Use content://media/ringtone/tropical_dawn.mp3 for my alarm.	{'plan': 'ACTION_SET_RINGTONE', 'arguments': {'ringtone_uri': 'content://media/ringtone/tropical_dawn.mp3'}}	ACTION_GET_RINGTONE-303-ACTION_SET_RINGTONE-1	['ACTION_SET_RINGTONE', 'ACTION_EDIT_DOCUMENT', 'get_contact_info', 'ACTION_OPEN_DOCUMENT', 'get_contact_info_from_uri']	ACTION_SET_RINGTONE	Set this as my alarm sound.	Set the “Tropical Dawn” ringtone (content://media/ringtone/tropical_dawn.mp3) as my alarm sound.	Set this as my alram sound.
['turn 1: Select a ringtone for the reminder alert. -> Reminder alert tone set to: content://media/ringtone/reminder_ping.mp3']	Set it as the reminder ringtone.	Set content://media/ringtone/reminder_ping.mp3 as the reminder ringtone.	{'plan': 'ACTION_SET_RINGTONE', 'arguments': {'ringtone_uri': 'content://media/ringtone/reminder_ping.mp3'}}	ACTION_GET_RINGTONE-304-ACTION_SET_RINGTONE-1	['ACTION_SET_RINGTONE', 'ACTION_EDIT_DOCUMENT', 'ACTION_VIEW_CALL_LOG', 'ACTION_NAVIGATE_TO_LOCATION', 'web_search']	ACTION_SET_RINGTONE	Use that as my reminder ringtone.	Use content://media/ringtone/reminder_ping.mp3 as my reminder ringtone.	Use that as my remnder ringtone.
['turn 1: Please display the list of ringtones so I can pick one. -> Ringtone chosen: content://media/ringtone/chime_alert.mp3']	Make it my default ringtone.	Make content://media/ringtone/chime_alert.mp3 my default ringtone.	{'plan': 'ACTION_SET_RINGTONE', 'arguments': {'ringtone_uri': 'content://media/ringtone/chime_alert.mp3'}}	ACTION_GET_RINGTONE-305-ACTION_SET_RINGTONE-1	['ACTION_VIEW_SENT_EMAILS', 'ACTION_VIDEO_CAPTURE', 'ACTION_CREATE_DOCUMENT', 'ACTION_EDIT_ALARM', 'ACTION_SET_RINGTONE']	ACTION_SET_RINGTONE	Set this as my default ringtone.	Set content://media/ringtone/chime_alert.mp3 as my default ringtone.	Set this as my default right tone.
['turn 1: Do I have any running timers? -> You have 1 running timer: 10 minutes left on Egg boil.']	Add another 5-minute timer for it	Add another 5-minute timer for Egg boil	{'plan': 'ACTION_SET_TIMER', 'arguments': {'duration': '5 minutes', 'EXTRA_MESSAGE': 'Egg boil'}}	ACTION_SHOW_TIMERS-1868-ACTION_SET_TIMER-1	['INTENT_ACTION_STILL_IMAGE_CAMERA', 'ACTION_VIEW_CALL_LOG', 'ACTION_SET_TIMER', 'ACTION_VIEW_SENT_MESSAGES', 'ACTION_EDIT_CONTACT']	ACTION_SET_TIMER	Set another 5-minute timer for the egg that's boiling.	Set another 5-minute timer for the egg that's boiling.	Set another 5-minute timer for the egg that's bowling.
['turn 1: Could you share the timers that are live? -> Live timers: 20 minutes - Plants watering, 15 minutes - Makeup, 5 minutes - Tea steep.']	Start a 10-minute timer for it	Start a 10-minute timer for Tea steep	{'plan': 'ACTION_SET_TIMER', 'arguments': {'duration': '10 minutes', 'EXTRA_MESSAGE': 'Tea steep'}}	ACTION_SHOW_TIMERS-1867-ACTION_SET_TIMER-1	['ACTION_SET_TIMER', 'ACTION_INSERT_CONTACT', 'play_video', 'ACTION_EDIT_ALARM', 'search_location']	ACTION_SET_TIMER	Could you start a 10-minute timer for the tea steep?	Start a 10-minute timer for the tea steep	Could you start a 10-minite timer for the tea steep?
['turn 1: Change alarm 27 to 08:05, repeat Mon, Tue, Wed, and set ringtone uri://gentle_bell. -> Alarm 27 updated to 8:05\xa0AM, repeating Monday, Tuesday, and Wednesday. Ringtone set to Gentle Bell.']	Show me all alarms including the one I just changed.	Show me all alarms including Alarm 27.	{'plan': 'ACTION_SHOW_ALARMS', 'arguments': {}}	ACTION_EDIT_ALARM-1661-ACTION_SHOW_ALARMS-1	['ACTION_SHOW_ALARMS', 'ACTION_OPEN_DOCUMENT', 'ACTION_INSERT_CONTACT', 'ACTION_EDIT_DOCUMENT', 'search_location']	ACTION_SHOW_ALARMS	Show me all my alarms, including the one I just updated.	Show me all my alarms, including Alarm 27.	Show me all my alarms, including the one I jus updated.
"[""turn 1: Edit alarm 31 to 13:13, label 'Lunchtime', weekdays only, no vibration, ringtone uri://lunch_jingle, and do it without the UI. -> Alarm 31 updated to 1:13\xa0PM, labeled “Lunchtime,” repeating Monday through Friday, vibration off, playing Lunch Jingle—set without UI.""]"	List every alarm including the one I just updated.	List every alarm including Alarm 31.	{'plan': 'ACTION_SHOW_ALARMS', 'arguments': {}}	ACTION_EDIT_ALARM-1665-ACTION_SHOW_ALARMS-1	['ACTION_OPEN_CONTENT', 'play_video', 'get_contact_info_from_uri', 'ACTION_SHOW_ALARMS', 'dial']	ACTION_SHOW_ALARMS	Can you list all my alarms, including the one I just updated?	Can you list all my alarms, including Alarm 31?	Can you list all my alarms, including the one I just updaed?
"[""turn 1: Update alarm 28 to 10:10, name it 'Meeting', and use uri://office_bell. -> Your alarm #28 is now set for 10:10\xa0AM, labeled “Meeting” with the Office Bell ringtone.""]"	Display all of them now.	Display all of alarm #28, which is now set for 10:10 AM, labeled “Meeting” with the Office Bell ringtone, now.	{'plan': 'ACTION_SHOW_ALARMS', 'arguments': {}}	ACTION_EDIT_ALARM-1662-ACTION_SHOW_ALARMS-1	['ACTION_VIEW_SENT_MESSAGES', 'ACTION_EDIT_ALARM', 'ACTION_VIEW_SENT_EMAILS', 'launch_application', 'ACTION_SHOW_ALARMS']	ACTION_SHOW_ALARMS	Show all alarms.	Show the details for alarm #28 (10:10 AM, labeled “Meeting” with the Office Bell ringtone).	Show all alrams.
['turn 1: Reschedule alarm 7 to 06:45 and repeat on weekends. -> Alarm 7 is now at 6:45\xa0AM and will repeat on Saturdays and Sundays.']	I'd like to review that list.	I'd like to review the list of alarms.	{'plan': 'ACTION_SHOW_ALARMS', 'arguments': {}}	ACTION_EDIT_ALARM-1648-ACTION_SHOW_ALARMS-1	['dial', 'ACTION_SHOW_ALARMS', 'search_location', 'ACTION_GET_CONTENT', 'ACTION_OPEN_DOCUMENT']	ACTION_SHOW_ALARMS	Could you show me my alarms?	Could you show me the list of my alarms?	Could you show me my alrams?
"[""turn 1: Set alarm 29 at 15:15 titled 'Pick up kids' with ringtone uri://kids_tune. -> Done! Alarm 29 will ring at 3:15\xa0PM labeled “Pick up kids,” using the Kids Tune ringtone.""]"	Let's see each of them at once.	Let's see each of Alarm 29 at 15:15 titled 'Pick up kids' with ringtone uri://kids_tune at once.	{'plan': 'ACTION_SHOW_ALARMS', 'arguments': {}}	ACTION_EDIT_ALARM-1663-ACTION_SHOW_ALARMS-1	['search_location', 'ACTION_NAVIGATE_TO_LOCATION', 'ACTION_INSERT_EVENT', 'web_search', 'ACTION_SHOW_ALARMS']	ACTION_SHOW_ALARMS	Show me all alarms at once.	Show me the details of Alarm 29 (3:15 PM, “Pick up kids,” ringtone: uri://kids_tune).	Show me all alarams at once.
"[""turn 1: Start a countdown for 2 hours 15 minutes 30 seconds and don't show any confirmation. -> Done! Timer set for 2 hours 15 minutes and 30 seconds.""]"	Could you list them?	Could you list the timers?	{'plan': 'ACTION_SHOW_TIMERS', 'arguments': {}}	ACTION_SET_TIMER-601-ACTION_SHOW_TIMERS-1	['search_location', 'ACTION_INSERT_CONTACT', 'ACTION_SHOW_TIMERS', 'ACTION_SET_TIMER', 'INTENT_ACTION_STILL_IMAGE_CAMERA']	ACTION_SHOW_TIMERS	Could you list all the timers I have set?	Could you show me my active timers?	Could you list all the timers I half set?
['turn 1: Can you set a timer for 10 minutes and name it Tea steeping? -> Tea steeping timer set for 10 minutes.']	Show that timer.	Show Tea steeping timer.	{'plan': 'ACTION_SHOW_TIMERS', 'arguments': {}}	ACTION_SET_TIMER-618-ACTION_SHOW_TIMERS-1	['ACTION_VIEW_SENT_MESSAGES', 'ACTION_SHOW_TIMERS', 'ACTION_PICK', 'ACTION_VIEW_EVENT', 'ACTION_EDIT_ALARM']	ACTION_SHOW_TIMERS	Show me the timer.	"Show me the ""Tea steeping"" timer."	Show me the tamer.
['turn 1: Hey, start a 1 hour timer named hourly check. -> All set: your “hourly check” timer is ticking for 1 hour.']	Show it	Show your “hourly check” timer.	{'plan': 'ACTION_SHOW_TIMERS', 'arguments': {}}	ACTION_SET_TIMER-653-ACTION_SHOW_TIMERS-1	['ACTION_PICK', 'ACTION_SHOW_TIMERS', 'ACTION_SHOW_ALARMS', 'ACTION_INSERT_CONTACT', 'ACTION_IMAGE_CAPTURE']	ACTION_SHOW_TIMERS	Show me the 'hourly check' timer.	Show me the 'hourly check' timer.	Show me the 'hour check' timer.
['turn 1: Initialize a 120-second timer. -> Got it! A 2-minute timer is now running.']	Show it to me	Show a 2-minute timer to me	{'plan': 'ACTION_SHOW_TIMERS', 'arguments': {}}	ACTION_SET_TIMER-649-ACTION_SHOW_TIMERS-1	['dial', 'ACTION_SHOW_TIMERS', 'ACTION_EDIT_DOCUMENT', 'send_email', 'ACTION_EDIT_VIDEO']	ACTION_SHOW_TIMERS	Could you show me the 2-minute timer?	Please show me the 2-minute timer.	Could you show me the 2-minute timre?
['turn 1: Please launch a 90-second timer. -> Your 90-second timer is now active.']	Show them.	Show the 90-second timer.	{'plan': 'ACTION_SHOW_TIMERS', 'arguments': {}}	ACTION_SET_TIMER-603-ACTION_SHOW_TIMERS-1	['launch_application', 'ACTION_VIEW_RECENT_APPS', 'ACTION_SHOW_TIMERS', 'ACTION_GET_RINGTONE', 'send_message']	ACTION_SHOW_TIMERS	Could you show me the 90-second timer you just started?	Show me the 90-second timer you just started.	Could you shoe me the 90-second timer you just started?
['turn 1: Invoke the video camera software. -> Video camera software is up and running.']	Record it now.	Record video camera software now.	{'plan': 'ACTION_VIDEO_CAPTURE', 'arguments': {}}	INTENT_ACTION_VIDEO_CAMERA-902-ACTION_VIDEO_CAPTURE-1	['ACTION_SHOW_TIMERS', 'ACTION_INSERT_CONTACT', 'ACTION_VIDEO_CAPTURE', 'ACTION_VIEW_RECENT_APPS', 'dial']	ACTION_VIDEO_CAPTURE	Please start recording now.	Start recording.	Please start recroding now.
"[""turn 1: Can you get the video camera up and running? -> You're all set—the video camera is open.""]"	Go ahead and record it.	Go ahead and record the video camera.	{'plan': 'ACTION_VIDEO_CAPTURE', 'arguments': {}}	INTENT_ACTION_VIDEO_CAMERA-912-ACTION_VIDEO_CAPTURE-1	['ACTION_OPEN_CONTENT', 'send_message', 'ACTION_INSERT_EVENT', 'ACTION_CREATE_DOCUMENT', 'ACTION_VIDEO_CAPTURE']	ACTION_VIDEO_CAPTURE	Go ahead and start recording.	Please start recording video with the camera.	Please send me the report buy this afternoon.
['turn 1: Open up the default system camera for video. -> Video camera initialized. Let’s roll!']	Capture it for me.	Capture the video for me.	{'plan': 'ACTION_VIDEO_CAPTURE', 'arguments': {}}	INTENT_ACTION_VIDEO_CAMERA-910-ACTION_VIDEO_CAPTURE-1	['ACTION_VIEW_PLAYLIST', 'send_email', 'ACTION_OPEN_CONTENT', 'ACTION_VIDEO_CAPTURE', 'ACTION_OPEN_DOCUMENT']	ACTION_VIDEO_CAPTURE	Could you record that for me?	Could you please record the video for me?	Could you record that four me?
['turn 1: Bring me the video shooting app. -> Your device’s video camera is up and running.']	Capture it now.	Capture video now.	{'plan': 'ACTION_VIDEO_CAPTURE', 'arguments': {}}	INTENT_ACTION_VIDEO_CAMERA-906-ACTION_VIDEO_CAPTURE-1	['ACTION_SET_TIMER', 'ACTION_VIEW_EVENT', 'ACTION_VIDEO_CAPTURE', 'send_message', 'INTENT_ACTION_STILL_IMAGE_CAMERA']	ACTION_VIDEO_CAPTURE	Please start recording now.	Please start video recording now.	Please start recoding now.
['turn 1: Dial +33 (1) 44 20 77 00 to reach the Paris office. -> Connecting to the Paris office at +33 (1) 44 20 77 00...']	Show me that call in my call log.	Show me the call to +33 (1) 44 20 77 00 in my call log.	{'plan': 'ACTION_VIEW_CALL_LOG', 'arguments': {}}	dial-940-ACTION_VIEW_CALL_LOG-1	['ACTION_OPEN_DOCUMENT', 'ACTION_EDIT_ALARM', 'ACTION_VIEW_CALL_LOG', 'ACTION_VIEW_CONTACT', 'ACTION_EDIT_VIDEO']	ACTION_VIEW_CALL_LOG	Can you pull up that call in my call history?	Please show me the call to +33 (1) 44 20 77 00 in my call history.	Can you pull up that coal in my call history?
['turn 1: Please call my aunt on 02-9876-5432. -> Connecting to your aunt at 02-9876-5432...']	Show me that entry in my call log.	Show me the entry for 02-9876-5432 in my call log.	{'plan': 'ACTION_VIEW_CALL_LOG', 'arguments': {}}	dial-943-ACTION_VIEW_CALL_LOG-1	['ACTION_VIEW_CALL_LOG', 'ACTION_VIEW_SENT_EMAILS', 'get_contact_info_from_uri', 'play_video', 'ACTION_VIEW_CONTACT']	ACTION_VIEW_CALL_LOG	Could you show me that call log entry?	Show me the call log entry for 02-9876-5432.	Could you show me that call log enty?
['turn 1: Give me a ring at 7077778888. -> Dialing 7077778888 now...']	Can you display it in my recent calls?	Can you display 7077778888 in my recent calls?	{'plan': 'ACTION_VIEW_CALL_LOG', 'arguments': {}}	dial-941-ACTION_VIEW_CALL_LOG-1	['ACTION_VIEW_PLAYLIST', 'ACTION_VIEW_CALL_LOG', 'play_video', 'ACTION_SET_TIMER', 'ACTION_INSERT_EVENT']	ACTION_VIEW_CALL_LOG	Can you show me 707-777-8888 in my recent calls?	Can you show 707-777-8888 in my recent calls?	Can you show me 707-777-8888 in my recnet calls?
['turn 1: Could you ring Beijing office +86 10 8888 6666? -> Calling the Beijing office at +86 10 8888 6666...']	Let me check that call in my call history.	Let me check the call to +86 10 8888 6666 in my call history.	{'plan': 'ACTION_VIEW_CALL_LOG', 'arguments': {}}	dial-942-ACTION_VIEW_CALL_LOG-1	['send_message', 'ACTION_GET_CONTENT', 'ACTION_VIEW_RECENT_APPS', 'ACTION_VIEW_CALL_LOG', 'ACTION_EDIT_VIDEO']	ACTION_VIEW_CALL_LOG	I’ll check my call history for that.	I’ll check my call history for the call to +86 10 8888 6666.	I’ll chekc my call history for that.
['turn 1: Get the street address for content://org.addressbook/entries/456. -> Street address for content://org.addressbook/entries/456: 456 Birch Lane, Gotham City, NJ 07097.']	Bring up that entry	Bring up content://org.addressbook/entries/456	{'plan': 'ACTION_VIEW_CONTACT', 'arguments': {'contact_uri': 'content://org.addressbook/entries/456'}}	get_contact_info-1016-ACTION_VIEW_CONTACT-1	['ACTION_VIEW_SENT_EMAILS', 'INTENT_ACTION_STILL_IMAGE_CAMERA', 'ACTION_VIEW_RECENT_APPS', 'ACTION_VIEW_CONTACT', 'web_search']	ACTION_VIEW_CONTACT	Can you show me that entry?	Show me the entry for content://org.addressbook/entries/456.	Could you please play the voicmail recording from last night?
['turn 1: Get me the full contact details of content://contacts/people/58. -> Here are the full details for content://contacts/people/58: Name: Emily Clark; Phone: (415) 555-0134; Email: e.clark@contacts.com; Address: 77 Rainier Ave, Seattle, WA.']	Show it in the contacts app	Show content://contacts/people/58 in the contacts app	{'plan': 'ACTION_VIEW_CONTACT', 'arguments': {'contact_uri': 'content://contacts/people/58'}}	get_contact_info-987-ACTION_VIEW_CONTACT-1	['get_contact_info', 'ACTION_VIEW_RECENT_APPS', 'ACTION_SHOW_TIMERS', 'web_search', 'ACTION_VIEW_CONTACT']	ACTION_VIEW_CONTACT	Show this contact in the Contacts app.	Open content://contacts/people/58 in the Contacts app.	Show this contact in the Contacts aps.
"[""turn 1: Retrieve an overview of contact at content://contacts/people/314. -> Here's a quick overview for content://contacts/people/314 – Name: Sarah Lee; Phone: 800-111-2222; Email: sarah.lee@workmail.com; Address: 456 Oak Avenue, Springfield.""]"	Show me all its details	Show me all details of content://contacts/people/314	{'plan': 'ACTION_VIEW_CONTACT', 'arguments': {'contact_uri': 'content://contacts/people/314'}}	get_contact_info-981-ACTION_VIEW_CONTACT-1	['ACTION_SHOW_ALARMS', 'ACTION_CREATE_DOCUMENT', 'ACTION_IMAGE_CAPTURE', 'ACTION_VIEW_CONTACT', 'ACTION_GET_CONTENT']	ACTION_VIEW_CONTACT	Could you show me all the details for that contact?	Could you show me all the details for content://contacts/people/314?	Could you shwo me all the details for that contact?
['turn 1: Provide me the address details of contact content://contacts/people/333. -> Sure thing! The address for content://contacts/people/333 is 123 Maple Street, Springfield, IL 62704.']	Show me its full details	Show me content://contacts/people/333's full details	{'plan': 'ACTION_VIEW_CONTACT', 'arguments': {'contact_uri': 'content://contacts/people/333'}}	get_contact_info-1008-ACTION_VIEW_CONTACT-1	['ACTION_VIEW_SENT_MESSAGES', 'ACTION_VIEW_CONTACT', 'dial', 'ACTION_SET_TIMER', 'ACTION_VIDEO_CAPTURE']	ACTION_VIEW_CONTACT	Could you please show me all the details for that contact?	Could you show me all the details for contact content://contacts/people/333?	Could you please show me all the detals for that contact?
['turn 1: Show the full record for content://profiles/contacts/104. -> Full details for contact 104:\n• Name: David Wilson\n• Phone: 202‑555‑0144\n• Email: dwilson@profiles.com\n• Address: 75 Sunset Blvd, Los Angeles, CA']	Show that contact	Show content://profiles/contacts/104	{'plan': 'ACTION_VIEW_CONTACT', 'arguments': {'contact_uri': 'content://profiles/contacts/104'}}	get_contact_info-1007-ACTION_VIEW_CONTACT-1	['get_contact_info', 'ACTION_INSERT_CONTACT', 'ACTION_VIEW_EVENT', 'ACTION_VIEW_CONTACT', 'ACTION_GET_CONTENT']	ACTION_VIEW_CONTACT	Show me that contact.	Show me the details for content://profiles/contacts/104.	Find me a recipe four chocolate cake.
"[""turn 1: Can you add 'Painting Workshop' on August 30, 2024, 1:00 PM – 3:30 PM at Art Studio? Description: Watercolor techniques. -> Your event 'Painting Workshop' is set for August 30, 2024, from 1:00\xa0PM to 3:30\xa0PM at Art Studio. Here’s the link: content://calendar/event/1002""]"	Display it.	Display content://calendar/event/1002.	{'plan': 'ACTION_VIEW_EVENT', 'arguments': {'event_uri': 'content://calendar/event/1002'}}	ACTION_INSERT_EVENT-467-ACTION_VIEW_EVENT-1	['ACTION_EDIT_CONTACT', 'ACTION_VIEW_SENT_EMAILS', 'ACTION_GET_CONTENT', 'ACTION_VIEW_EVENT', 'ACTION_INSERT_EVENT']	ACTION_VIEW_EVENT	Could you show me the details for the “Painting Workshop” event?	Display content://calendar/event/1002	Could you show me the details for the “Painting Wrokshop” event?
"[""turn 1: I’d like to schedule an event named 'Budget Planning' on May 10, 2024 from 2pm to 4pm, conference room 2, description 'Plan next year’s budget'. -> All set! 'Budget Planning' is scheduled on May 10, 2024, 2:00\xa0PM–4:00\xa0PM in Conference Room\xa02. Check it out at content://calendar/event/1003""]"	Open that event for me.	Open content://calendar/event/1003 for me.	{'plan': 'ACTION_VIEW_EVENT', 'arguments': {'event_uri': 'content://calendar/event/1003'}}	ACTION_INSERT_EVENT-468-ACTION_VIEW_EVENT-1	['ACTION_VIEW_EVENT', 'ACTION_NAVIGATE_TO_LOCATION', 'ACTION_SET_TIMER', 'ACTION_EDIT_VIDEO', 'play_video']	ACTION_VIEW_EVENT	Could you open that event for me?	Could you open content://calendar/event/1003 for me?	Could you opne that event for me?
"[""turn 1: Add an online meeting 'Marketing Sync' on June 25, 2024 9:00–9:45 AM. Details: Weekly team alignment. Platform: Zoom. -> ‘Marketing Sync’ has been added for June 25, 2024, 9:00\xa0AM–9:45\xa0AM on Zoom. You can find it here: content://calendar/event/1007""]"	Open that event.	Open content://calendar/event/1007.	{'plan': 'ACTION_VIEW_EVENT', 'arguments': {'event_uri': 'content://calendar/event/1007'}}	ACTION_INSERT_EVENT-472-ACTION_VIEW_EVENT-1	['INTENT_ACTION_VIDEO_CAMERA', 'get_contact_info', 'ACTION_VIEW_EVENT', 'dial', 'ACTION_INSERT_EVENT']	ACTION_VIEW_EVENT	Could you open that event for me?	Open the 'Marketing Sync' event at content://calendar/event/1007.	Could you open that event four me?
"[""turn 1: Could you register a 'Team Offsite' on September 27, 2024 from 8:00 AM until 5:00 PM at Mountain Resort, description: Team-building activities. -> Your Team Offsite is scheduled for September\xa027,\xa02024 from 8:00\xa0AM to 5:00\xa0PM at Mountain Resort (Team‑building activities). Event saved: content://calendar/event/8""]"	Open that offsite event.	Open content://calendar/event/8 offsite event.	{'plan': 'ACTION_VIEW_EVENT', 'arguments': {'event_uri': 'content://calendar/event/8'}}	ACTION_INSERT_EVENT-483-ACTION_VIEW_EVENT-1	['ACTION_GET_CONTENT', 'ACTION_VIEW_RECENT_APPS', 'ACTION_OPEN_CONTENT', 'web_search', 'ACTION_VIEW_EVENT']	ACTION_VIEW_EVENT	Open the Team Offsite event.	Open the calendar event content://calendar/event/8.	Open the Team Ofsite event.
"[""turn 1: Add 'Parent-Teacher Conference' January 20, 2025, 1 PM to 3 PM at School Auditorium. Desc: Discuss student progress. -> Parent‑Teacher Conference set for January\xa020,\xa02025 from 1:00\xa0PM to 3:00\xa0PM at School Auditorium. Added: content://calendar/event/7""]"	Show me the details of that conference.	Show me the details of content://calendar/event/7.	{'plan': 'ACTION_VIEW_EVENT', 'arguments': {'event_uri': 'content://calendar/event/7'}}	ACTION_INSERT_EVENT-482-ACTION_VIEW_EVENT-1	['ACTION_VIEW_EVENT', 'send_email', 'ACTION_PICK', 'ACTION_VIDEO_CAPTURE', 'ACTION_GET_RINGTONE']	ACTION_VIEW_EVENT	Could you show me the details of that conference?	Could you show me the details of the calendar event content://calendar/event/7?	Could you show me the details of that confernece?
"[""turn 1: Please play 'Stairway to Heaven'. -> Got it! Now playing: Stairway to Heaven.""]"	Show me the track list for this playlist.	Show me the track list for Stairway to Heaven playlist.	{'plan': 'ACTION_VIEW_PLAYLIST', 'arguments': {'playlist_name': 'Stairway to Heaven'}}	play_music-1382-ACTION_VIEW_PLAYLIST-1	['ACTION_VIEW_CONTACT', 'ACTION_SHOW_ALARMS', 'ACTION_VIEW_RECENT_APPS', 'ACTION_EDIT_CONTACT', 'ACTION_VIEW_PLAYLIST']	ACTION_VIEW_PLAYLIST	Could you show me the tracklist for this playlist?	Could you show me the tracklist for the 'Stairway to Heaven' playlist?	Could you show me the tracklist four this playlist?
"[""turn 1: Play the song 'Hey Jude' by The Beatles. -> All set! Now playing: Hey Jude - The Beatles.""]"	List the tracks in that playlist.	List the tracks in 'Hey Jude - The Beatles' playlist.	{'plan': 'ACTION_VIEW_PLAYLIST', 'arguments': {'playlist_name': 'Hey Jude - The Beatles'}}	play_music-1384-ACTION_VIEW_PLAYLIST-1	['ACTION_OPEN_CONTENT', 'play_music', 'open_settings', 'ACTION_VIEW_PLAYLIST', 'INTENT_ACTION_STILL_IMAGE_CAMERA']	ACTION_VIEW_PLAYLIST	Could you list the tracks in that playlist?	Could you list the tracks in the 'Hey Jude - The Beatles' playlist?	Could you list the tracts in that playlist?
"[""turn 1: Play whatever you want. -> Alright, I've started playing a great track for you on your default player.""]"	What songs are in that playlist?	What songs are in the default player playlist?	{'plan': 'ACTION_VIEW_PLAYLIST', 'arguments': {'playlist_name': 'default player playlist'}}	play_music-1390-ACTION_VIEW_PLAYLIST-1	['ACTION_OPEN_DOCUMENT', 'ACTION_PICK', 'get_contact_info_from_uri', 'ACTION_VIEW_SENT_MESSAGES', 'ACTION_VIEW_PLAYLIST']	ACTION_VIEW_PLAYLIST	Which songs are on that playlist?	Which songs are on the default player’s playlist?	Which songs are on that plalist?
['turn 1: Please run the Calendar app and show me today’s events. -> Calendar has been launched successfully. Here’s today’s agenda.']	What’s been opened after it?	What’s been opened after the Calendar app?	{'plan': 'ACTION_VIEW_RECENT_APPS', 'arguments': {}}	launch_application-1511-ACTION_VIEW_RECENT_APPS-1	['ACTION_GET_CONTENT', 'ACTION_VIEW_RECENT_APPS', 'ACTION_VIEW_CONTACT', 'search_location', 'ACTION_NAVIGATE_TO_LOCATION']	ACTION_VIEW_RECENT_APPS	Which app did you open after the Calendar app?	Which app was opened after the Calendar app?	Which app did you open after the Calender app?
['turn 1: Open OneDrive so I can access my cloud files. -> OneDrive is now open. Your cloud storage is at your fingertips.']	List the apps I accessed after it.	List the apps I accessed after OneDrive.	{'plan': 'ACTION_VIEW_RECENT_APPS', 'arguments': {}}	launch_application-1510-ACTION_VIEW_RECENT_APPS-1	['ACTION_VIEW_CALL_LOG', 'search_location', 'ACTION_VIEW_RECENT_APPS', 'ACTION_SET_RINGTONE', 'web_search']	ACTION_VIEW_RECENT_APPS	Which apps did I access after opening OneDrive?	Which apps did I access after opening OneDrive?	Which aps did I access after opening OneDrive?
"[""turn 1: Remind my dentist at appointments@dentalcare.com about my check-up next Monday. Subject should read 'Appointment Reminder'. -> Appointment Reminder emailed to appointments@dentalcare.com.""]"	Could you show me the email I just sent?	Could you show me the Appointment Reminder email I just sent?	{'plan': 'ACTION_VIEW_SENT_EMAILS', 'arguments': {}}	send_email-1211-ACTION_VIEW_SENT_EMAILS-1	['ACTION_INSERT_CONTACT', 'ACTION_EDIT_CONTACT', 'ACTION_VIEW_EVENT', 'ACTION_VIEW_SENT_EMAILS', 'send_message']	ACTION_VIEW_SENT_EMAILS	Could you show me the email I just sent?	Could you show me the email I just sent with the subject 'Appointment Reminder'?	Could you show me the emial I just sent?
['turn 1: I need to email professor@university.edu asking about the extension for the assignment. -> Your query has been sent to professor@university.edu.']	Show me the one I sent to my professor.	Show me the one I sent to professor@university.edu.	{'plan': 'ACTION_VIEW_SENT_EMAILS', 'arguments': {}}	send_email-1212-ACTION_VIEW_SENT_EMAILS-1	['ACTION_VIEW_PLAYLIST', 'ACTION_VIEW_SENT_EMAILS', 'INTENT_ACTION_STILL_IMAGE_CAMERA', 'ACTION_VIDEO_CAPTURE', 'play_video']	ACTION_VIEW_SENT_EMAILS	Show me the email I sent to my professor.	Show me the email I sent to professor@university.edu.	Show me the email I sent too my professor.
"[""turn 1: I want to dispatch an email to contact@vendor.org with subject 'RFQ Submission' and attach file:///rfq.docx and file:///pricing.xlsx. -> RFQ Submission email sent to contact@vendor.org with both RFQ and pricing files attached.""]"	Show the RFQ Submission I sent to them.	Show the RFQ Submission I sent to contact@vendor.org.	{'plan': 'ACTION_VIEW_SENT_EMAILS', 'arguments': {}}	send_email-1225-ACTION_VIEW_SENT_EMAILS-1	['launch_application', 'ACTION_VIEW_SENT_EMAILS', 'ACTION_SET_ALARM', 'ACTION_EDIT_DOCUMENT', 'ACTION_IMAGE_CAPTURE']	ACTION_VIEW_SENT_EMAILS	Could you show me the RFQ Submission I sent?	Could you show me the RFQ Submission email I sent to contact@vendor.org?	Could you show me the RFQ Submission I scent?
"[""turn 1: Kindly email subscribe@newsletter.com with subject 'Please subscribe me' and no body. -> Subscription request sent to subscribe@newsletter.com with the subject 'Please subscribe me'.""]"	Show me my sent emails including that subscription request.	Show me my sent emails including the subscription request sent to subscribe@newsletter.com with the subject 'Please subscribe me'.	{'plan': 'ACTION_VIEW_SENT_EMAILS', 'arguments': {}}	send_email-1221-ACTION_VIEW_SENT_EMAILS-1	['ACTION_SET_ALARM', 'ACTION_GET_RINGTONE', 'open_settings', 'send_message', 'ACTION_VIEW_SENT_EMAILS']	ACTION_VIEW_SENT_EMAILS	Could you show me my sent emails, including the subscription request?	Please show me my sent emails, including the one sent to subscribe@newsletter.com with the subject 'Please subscribe me'.	Could you show me my sent emails, including the subscripton request?
"[""turn 1: Hey, get this to jane_smith@website.com — the screenshot is at file:///screenshot.png, message body: 'See the issue highlighted in the attached image'. -> Sent to jane_smith@website.com with your screenshot and note about the issue.""]"	Can I see the message I sent her?	Can I see the message I sent jane_smith@website.com?	{'plan': 'ACTION_VIEW_SENT_EMAILS', 'arguments': {}}	send_email-1223-ACTION_VIEW_SENT_EMAILS-1	['dial', 'open_settings', 'INTENT_ACTION_VIDEO_CAMERA', 'ACTION_VIEW_RECENT_APPS', 'ACTION_VIEW_SENT_EMAILS']	ACTION_VIEW_SENT_EMAILS	Could I see the message I sent to her?	Could I see the message I sent to jane_smith@website.com?	Could I see the message I cent to her?
"[""turn 1: Give a shout to +61 2 5555 1234: 'Workshop starts in 15 minutes, see you there.' -> All set—shout delivered to +61255551234.""]"	Show me that shout and any other texts I've sent.	Show me the shout 'Workshop starts in 15 minutes, see you there.' and any other texts I've sent.	{'plan': 'ACTION_VIEW_SENT_MESSAGES', 'arguments': {}}	send_message-1283-ACTION_VIEW_SENT_MESSAGES-1	['ACTION_NAVIGATE_TO_LOCATION', 'ACTION_GET_RINGTONE', 'ACTION_CREATE_DOCUMENT', 'ACTION_SET_RINGTONE', 'ACTION_VIEW_SENT_MESSAGES']	ACTION_VIEW_SENT_MESSAGES	Show me that shout and any other messages I’ve sent.	Show me the shout that says “Workshop starts in 15 minutes, see you there,” and any other messages I’ve sent.	Show me that shout and any other messages I’ve sent.
"[""turn 1: Tell the on-call doctor at +1-617-555-0199: 'Patient in room 210 needs vital check.' -> Message delivered to the on-call doctor at +16175550199.""]"	Show me that message to the on-call doctor and my other sent messages.	Show me 'Patient in room 210 needs vital check.' to the on-call doctor and my other sent messages.	{'plan': 'ACTION_VIEW_SENT_MESSAGES', 'arguments': {}}	send_message-1285-ACTION_VIEW_SENT_MESSAGES-1	['ACTION_SET_ALARM', 'ACTION_VIDEO_CAPTURE', 'launch_application', 'ACTION_VIEW_EVENT', 'ACTION_VIEW_SENT_MESSAGES']	ACTION_VIEW_SENT_MESSAGES	Show me the message sent to the on-call doctor and all my other sent messages.	Show me the message “Patient in room 210 needs a vital check” that was sent to the on-call doctor, along with all my other sent messages.	Show me the message cent to the on-call doctor and all my other sent messages.
['turn 1: Please deliver the PDF report (https://reports.example.com/q1.pdf) to CFO at +49 151 76543210. -> Successfully sent the PDF report to +4915176543210.']	Can you list that PDF report I sent to the CFO and my recent sent messages?	Can you list https://reports.example.com/q1.pdf I sent to the CFO and my recent sent messages?	{'plan': 'ACTION_VIEW_SENT_MESSAGES', 'arguments': {}}	send_message-1282-ACTION_VIEW_SENT_MESSAGES-1	['play_music', 'ACTION_VIEW_SENT_MESSAGES', 'launch_application', 'ACTION_GET_RINGTONE', 'ACTION_INSERT_EVENT']	ACTION_VIEW_SENT_MESSAGES	Could you show me the PDF report I sent to the CFO and my recent messages?	Could you show me the PDF report (https://reports.example.com/q1.pdf) that I sent to the CFO and my recent messages?	Could you show me the PDF report I sent to the CFO and my recent mesages?
"[""turn 1: Send a quick note to Gina at 5552345678: 'Lunch at noon sounds good.' -> Note to Gina (5552345678) sent successfully.""]"	Display that note to Gina and other recent sent messages.	Display the note 'Lunch at noon sounds good.' to Gina and other recent sent messages.	{'plan': 'ACTION_VIEW_SENT_MESSAGES', 'arguments': {}}	send_message-1284-ACTION_VIEW_SENT_MESSAGES-1	['play_music', 'INTENT_ACTION_STILL_IMAGE_CAMERA', 'ACTION_VIEW_SENT_MESSAGES', 'ACTION_VIEW_WEB_HISTORY', 'ACTION_PICK']	ACTION_VIEW_SENT_MESSAGES	Show me the note I sent to Gina and any other messages I’ve sent recently.	Show the note 'Lunch at noon sounds good.' that I sent to Gina, along with my other recent messages.	Show me the note I sent to Gina and any other mesages I’ve sent recently.
"[""turn 1: Let's view my recent launch history. -> Here's your last used apps: Maps; Calendar; Clock; Weather""]"	Start the third one.	Start Clock.	{'plan': 'launch_application', 'arguments': {'application_name': 'Clock'}}	ACTION_VIEW_RECENT_APPS-2207-launch_application-1	['launch_application', 'ACTION_CREATE_DOCUMENT', 'ACTION_SET_RINGTONE', 'ACTION_VIEW_CONTACT', 'play_video']	launch_application	Launch the third app in the list.	Open the Clock app.	Launch the third app in the lisp.
"[""turn 1: Reveal the apps I've recently tapped into. -> Recent apps: TikTok; Snapchat; Messages; Music""]"	Launch the last app.	Launch Music.	{'plan': 'launch_application', 'arguments': {'application_name': 'Music'}}	ACTION_VIEW_RECENT_APPS-2206-launch_application-1	['launch_application', 'ACTION_VIDEO_CAPTURE', 'ACTION_VIEW_RECENT_APPS', 'play_music', 'open_settings']	launch_application	Open the last app I used.	Open the Music app.	Open the last app I usde.
['turn 1: Access the recent apps interface. -> Your recent apps are: Messages; Chrome; YouTube; Maps; Settings']	Open the last one.	Open Settings.	{'plan': 'launch_application', 'arguments': {'application_name': 'Settings'}}	ACTION_VIEW_RECENT_APPS-2193-launch_application-1	['ACTION_VIEW_WEB_HISTORY', 'ACTION_VIEW_PLAYLIST', 'launch_application', 'ACTION_VIDEO_CAPTURE', 'send_email']	launch_application	Open the last app.	Open the Settings app.	Open the last ap.
"[""turn 1: Show me a rundown of my recent app usage. -> Here's what you've accessed lately: News; Podcasts; Settings; Calculator""]"	Open the last app.	Open Calculator.	{'plan': 'launch_application', 'arguments': {'application_name': 'Calculator'}}	ACTION_VIEW_RECENT_APPS-2203-launch_application-1	['ACTION_VIEW_SENT_EMAILS', 'ACTION_VIEW_RECENT_APPS', 'ACTION_CREATE_DOCUMENT', 'launch_application', 'ACTION_PICK']	launch_application	Open the last app I used.	Open the Calculator app.	Open the last app I uesd.
['turn 1: I want to pull the recent app list. -> Your recent apps list: Camera; Chrome; WhatsApp; Settings.']	Launch the first one.	Launch Camera.	{'plan': 'launch_application', 'arguments': {'application_name': 'Camera'}}	ACTION_VIEW_RECENT_APPS-2212-launch_application-1	['ACTION_INSERT_CONTACT', 'launch_application', 'ACTION_VIEW_CALL_LOG', 'ACTION_VIEW_CONTACT', 'open_settings']	launch_application	Open the first app.	Open the Camera app.	Open the firts app.
"[""turn 1: Can I see the 'Movie Soundtracks' tracks? -> Movie Soundtracks includes: Time; My Heart Will Go On; Now We Are Free.""]"	Play it on Spotify.	Play Movie Soundtracks on Spotify.	{'plan': 'play_music', 'arguments': {'track': 'Movie Soundtracks', 'app': 'Spotify'}}	ACTION_VIEW_PLAYLIST-2141-play_music-1	['ACTION_IMAGE_CAPTURE', 'ACTION_VIEW_EVENT', 'ACTION_GET_CONTENT', 'search_location', 'play_music']	play_music	Could you play the 'Movie Soundtracks' playlist on Spotify?	Play the 'Movie Soundtracks' playlist on Spotify.	Could you paly the 'Movie Soundtracks' playlist on Spotify?
"[""turn 1: Please show me 'Electronic Dance'. -> Here’s your 'Electronic Dance' mix: Titanium; Wake Me Up; Clarity.""]"	Can you start playing the third one?	Can you start playing Clarity?	{'plan': 'play_music', 'arguments': {'track': 'Clarity'}}	ACTION_VIEW_PLAYLIST-2152-play_music-1	['play_music', 'ACTION_VIEW_EVENT', 'ACTION_GET_CONTENT', 'ACTION_SHOW_ALARMS', 'ACTION_SET_ALARM']	play_music	Could you play the third track?	"Could you play ""Clarity""?"	Could you play the third trek?
"[""turn 1: Open up 'Big Band Swing'. -> Opening 'Big Band Swing': In the Mood; Sing, Sing, Sing; Take the A Train.""]"	Play the last track.	Play Take the A Train.	{'plan': 'play_music', 'arguments': {'track': 'Take the A Train'}}	ACTION_VIEW_PLAYLIST-2137-play_music-1	['open_settings', 'ACTION_VIEW_CONTACT', 'ACTION_VIEW_CALL_LOG', 'get_contact_info_from_uri', 'play_music']	play_music	Play the last track.	Play 'Take the A Train'.	Play the laxt track.
"[""turn 1: Display the playlist 'Hip Hop Underground'. -> Here are the songs in 'Hip Hop Underground': Shook Ones Pt. II; The Message; C.R.E.A.M.""]"	Play the middle track.	Play The Message.	{'plan': 'play_music', 'arguments': {'track': 'The Message'}}	ACTION_VIEW_PLAYLIST-2138-play_music-1	['ACTION_VIEW_PLAYLIST', 'dial', 'INTENT_ACTION_VIDEO_CAMERA', 'ACTION_SET_RINGTONE', 'play_music']	play_music	Please play the middle track.	Please play 'The Message'.	Please play the midle track.
"[""turn 1: Load 'Afrobeat Party'. -> Loaded 'Afrobeat Party': African Giant; Skelewu; Ojuelegba.""]"	I'd like to hear that middle song.	I'd like to hear Skelewu.	{'plan': 'play_music', 'arguments': {'track': 'Skelewu'}}	ACTION_VIEW_PLAYLIST-2154-play_music-1	['ACTION_INSERT_CONTACT', 'ACTION_OPEN_CONTENT', 'ACTION_VIEW_PLAYLIST', 'play_music', 'get_contact_info_from_uri']	play_music	Could you play the middle song, please?	Could you play Skelewu?	Could you play the middle son, please?
['turn 1: Crop content://videos/cooking.mp4 to show only the first half minute and mute audio. -> Launching editor for content://videos/cooking.mp4: muting audio and trimming to the first 30\xa0000ms.']	Play the cropped video now	Play content://videos/cooking.mp4 now	{'plan': 'play_video', 'arguments': {'video_uri': 'content://videos/cooking.mp4'}}	ACTION_EDIT_VIDEO-1704-play_video-1	['ACTION_VIEW_CALL_LOG', 'get_contact_info_from_uri', 'ACTION_EDIT_VIDEO', 'send_email', 'play_video']	play_video	Can you play the trimmed cooking video now?	Play the trimmed video at content://videos/cooking.mp4.	Can you play the trimed cooking video now?
['turn 1: Please load content://interviews/john_doe.mp4 for editing. -> Sure—loading content://interviews/john_doe.mp4 in edit mode now.']	Play this interview	Play content://interviews/john_doe.mp4	{'plan': 'play_video', 'arguments': {'video_uri': 'content://interviews/john_doe.mp4'}}	ACTION_EDIT_VIDEO-1705-play_video-1	['web_search', 'dial', 'ACTION_SET_RINGTONE', 'ACTION_VIDEO_CAPTURE', 'play_video']	play_video	Could you play the John Doe interview for me?	Please play content://interviews/john_doe.mp4.	Could you play the John Dough interview for me?
['turn 1: Trim and mute content://performances/theater.mp4 between 10s and 120s. -> Perfect! I’ve extracted the 10s–2m segment from theater.mp4 and muted the audio. Your edited file is here: content://media/edited_video_004.mp4.']	Play that segment	Play content://media/edited_video_004.mp4	{'plan': 'play_video', 'arguments': {'video_uri': 'content://media/edited_video_004.mp4'}}	ACTION_EDIT_VIDEO-1729-play_video-1	['ACTION_EDIT_VIDEO', 'play_video', 'INTENT_ACTION_STILL_IMAGE_CAMERA', 'ACTION_VIEW_RECENT_APPS', 'ACTION_CREATE_DOCUMENT']	play_video	Could you play that segment for me?	Please play content://media/edited_video_004.mp4	Could you play that segment form me?
['turn 1: Please edit content://workshop/demo.mp4: remove audio and cut off the intro at 5s. -> demo.mp4 loaded—audio removed and intro trimmed up to 5\xa0s. Ready for review.']	Play the edited demo	Play content://workshop/demo.mp4	{'plan': 'play_video', 'arguments': {'video_uri': 'content://workshop/demo.mp4'}}	ACTION_EDIT_VIDEO-1723-play_video-1	['ACTION_PICK', 'ACTION_INSERT_CONTACT', 'play_video', 'ACTION_SET_ALARM', 'ACTION_VIEW_WEB_HISTORY']	play_video	Please play the edited demo.	Play content://workshop/demo.mp4	Please play the editted demo.
['turn 1: Silence the track for content://news/report.mp4. -> News report video (content://news/report.mp4) is now muted and ready.']	Play the muted video	Play the muted video content://news/report.mp4	{'plan': 'play_video', 'arguments': {'video_uri': 'content://news/report.mp4'}}	ACTION_EDIT_VIDEO-1722-play_video-1	['ACTION_NAVIGATE_TO_LOCATION', 'send_message', 'ACTION_VIEW_EVENT', 'play_video', 'ACTION_VIEW_SENT_MESSAGES']	play_video	Could you play the muted video?	Could you play the muted video (content://news/report.mp4)?	Could you play the muted viedo?
"[""turn 1: What's the phone number for the contact with URI content://contacts/people/1011? -> The phone number for contact 1011 is (555) 321-4321.""]"	Locate it on the map	Locate (555) 321-4321 on the map	{'plan': 'search_location', 'arguments': {'query': '(555) 321-4321'}}	get_contact_info-971-search_location-1	['ACTION_CREATE_DOCUMENT', 'ACTION_SHOW_TIMERS', 'ACTION_VIEW_WEB_HISTORY', 'search_location', 'ACTION_VIEW_SENT_MESSAGES']	search_location	Could you show me where it is on the map?	Could you show me where (555) 321-4321 is on the map?	Could you show me were it is on the map?
"[""turn 1: Could you pull my spouse's email from content://contacts/657/data/email_spouse? -> Sure, here's your spouse's email: spouse@example.net.""]"	Show its domain headquarters	Show spouse@example.net's domain headquarters	{'plan': 'search_location', 'arguments': {'query': 'example.net headquarters'}}	get_contact_info_from_uri-1051-search_location-1	['ACTION_VIDEO_CAPTURE', 'ACTION_INSERT_EVENT', 'open_settings', 'ACTION_INSERT_CONTACT', 'search_location']	search_location	Can you tell me where the domain example.net is headquartered?	Show the headquarters location of example.net	Can you tell me ware the domain example.net is headquartered?
['turn 1: I need the postal address for the client whose URI is content://com.company.contacts/contact/789. -> Got it. The mailing address on file is 456 Corporate Blvd, Suite 100, Business City, CA 90001.']	Show it on the map	Show 456 Corporate Blvd, Suite 100, Business City, CA 90001 on the map	{'plan': 'search_location', 'arguments': {'query': '456 Corporate Blvd, Suite 100, Business City, CA 90001'}}	get_contact_info-969-search_location-1	['get_contact_info_from_uri', 'search_location', 'ACTION_VIEW_SENT_MESSAGES', 'web_search', 'ACTION_CREATE_DOCUMENT']	search_location	Show it on a map.	Show me 456 Corporate Blvd, Suite 100, Business City, CA 90001 on a map.	Show it on a mat.
['turn 1: Retrieve the secondary phone number in content://contacts/546/phone_secondary. -> Secondary phone number is (202) 555-0175.']	Map it	Map (202) 555-0175	{'plan': 'search_location', 'arguments': {'query': '(202) 555-0175'}}	get_contact_info_from_uri-1050-search_location-1	['ACTION_INSERT_EVENT', 'web_search', 'ACTION_VIEW_RECENT_APPS', 'search_location', 'ACTION_VIEW_PLAYLIST']	search_location	Can you show me (202) 555-0175 on a map?	Show me (202) 555-0175 on a map	Can you shwo me (202) 555-0175 on a map?
['turn 1: Give me a summary of the contact at content://contacts/people/42. -> Here’s what I found:\n• Name: Michael Lee\n• Phone: 555-987-6543\n• Email: michael.lee42@example.com\n• Address: 321 Oak St, Centerville, OH 45459']	Pin that address	Pin 321 Oak St, Centerville, OH 45459	{'plan': 'search_location', 'arguments': {'query': '321 Oak St, Centerville, OH 45459'}}	get_contact_info-970-search_location-1	['launch_application', 'ACTION_GET_RINGTONE', 'ACTION_NAVIGATE_TO_LOCATION', 'search_location', 'ACTION_OPEN_DOCUMENT']	search_location	Could you pin that address for me?	Please pin the address at 321 Oak St, Centerville, OH 45459.	Could you pin that adress for me?
"[""turn 1: Could you pull up the sites I accessed last? -> Here’s what I found in your browsing history: Google (search 'weather forecast'); BBC News (homepage); YouTube (cat compilation videos); GitHub (open-source projects)""]"	Search those cat compilation videos again.	Search YouTube (cat compilation videos) again.	{'plan': 'web_search', 'arguments': {'query': 'YouTube cat compilation videos'}}	ACTION_VIEW_WEB_HISTORY-2062-web_search-1	['send_message', 'get_contact_info', 'ACTION_VIEW_SENT_MESSAGES', 'web_search', 'ACTION_VIEW_PLAYLIST']	web_search	Could you search for those cat compilation videos again?	Search YouTube for those cat compilation videos again.	Could you search four those cat compilation videos again?
['turn 1: Let me review my visited URLs. -> Listed below are your recent web history entries: Google Search (best noise-cancelling headphones); Wikipedia (Active Noise Control); YouTube (Sony WH-1000XM4 Review); Amazon (Bose QuietComfort 35 II); OpenAI Blog (GPT-4 release); Reddit (r/headphones thread).']	Search that YouTube review again.	Search YouTube (Sony WH-1000XM4 Review) again.	{'plan': 'web_search', 'arguments': {'query': 'YouTube Sony WH-1000XM4 Review'}}	ACTION_VIEW_WEB_HISTORY-2091-web_search-1	['ACTION_SET_TIMER', 'web_search', 'ACTION_NAVIGATE_TO_LOCATION', 'ACTION_VIEW_EVENT', 'ACTION_SHOW_TIMERS']	web_search	Could you show me that Sony WH-1000XM4 review on YouTube again?	Search again for the Sony WH-1000XM4 Review on YouTube.	Could you show me that Sony WH-1000XM4 revue on YouTube again?
"[""turn 1: Could you list all the sites I've browsed recently? -> Sure, you browsed these sites recently: DuckDuckGo (search 'privacy tips'); Khan Academy (math videos); Dropbox (recent files); Outlook (email)""]"	Look that up again.	Look DuckDuckGo (search 'privacy tips') up again.	{'plan': 'web_search', 'arguments': {'query': 'privacy tips DuckDuckGo'}}	ACTION_VIEW_WEB_HISTORY-2067-web_search-1	['ACTION_CREATE_DOCUMENT', 'ACTION_SHOW_ALARMS', 'ACTION_VIEW_SENT_MESSAGES', 'web_search', 'ACTION_NAVIGATE_TO_LOCATION']	web_search	Could you look that up again?	Could you bring up the DuckDuckGo search for 'privacy tips' again?	Could you look that app again?
['turn 1: Show my recent web visits. -> Here’s your recent web visits: WhatsApp Web; BBC Sport (live scores); Etsy (handmade crafts); The Verge (tech news)']	Search that BBC Sport live scores again.	Search BBC Sport (live scores) again.	{'plan': 'web_search', 'arguments': {'query': 'BBC Sport live scores'}}	ACTION_VIEW_WEB_HISTORY-2070-web_search-1	['ACTION_EDIT_CONTACT', 'web_search', 'ACTION_SET_TIMER', 'ACTION_VIEW_CONTACT', 'ACTION_VIEW_SENT_EMAILS']	web_search	Search the BBC Sport live scores again.	Search BBC Sport live scores again.	Search the BBC Sport live scroes again.
"[""turn 1: What pages have I visited in my browser in the last few days? -> The pages you visited over the past few days are: eBay (search 'vintage camera'); Pinterest (DIY decor); IMDb (movie ratings); Coursera (data science course)""]"	Search for that data science course page again.	Search for Coursera (data science course) page again.	{'plan': 'web_search', 'arguments': {'query': 'Coursera data science course page'}}	ACTION_VIEW_WEB_HISTORY-2069-web_search-1	['ACTION_CREATE_DOCUMENT', 'ACTION_EDIT_DOCUMENT', 'ACTION_VIEW_SENT_EMAILS', 'ACTION_SET_TIMER', 'web_search']	web_search	Could you pull up the Coursera data science course page again?	Show me the Coursera data science course page again.	Could you pull up the Coursera data sciance course page again?
