conversation_history	query	rewrited_query	answer	unique_idx	candidates	plan
['turn 1: Which alarms are currently set? -> At the moment, you have the following alarms active:\n\[alarm_id: 1 - 7:15 AM, Breakfast Reminder; alarm_id: 2 - 2:00 PM, Call with Mom; alarm_id: 3 - 8:00 PM, Read Book]']	"Could you move the ""Call with Mom"" alarm 30 minutes later and rename it to ""Call Dad""?"	Could you move 'alarm_id: 2 - 2:00 PM, Call with Mom' 30 minutes later and rename it to 'Call Dad'?	{'plan': 'ACTION_EDIT_ALARM', 'arguments': {'alarm_id': 2, 'EXTRA_HOUR': 14, 'EXTRA_MINUTES': 30, 'EXTRA_MESSAGE': 'Call Dad'}}	ACTION_SHOW_ALARMS-689-ACTION_EDIT_ALARM-1	['ACTION_VIEW_SENT_EMAILS', 'ACTION_VIEW_SENT_MESSAGES', 'ACTION_EDIT_ALARM', 'ACTION_EDIT_DOCUMENT', 'ACTION_CREATE_DOCUMENT']	ACTION_EDIT_ALARM
['turn 1: Can you give me a rundown of my alarms? -> Here’s an overview of your active alarms:\n\[alarm_id 1 - 6:50 AM, Stretch; alarm_id 2 - 7:20 AM, Emails; alarm_id 3 - 8:00 AM, Presentation Prep; alarm_id 4 - 9:30 AM, Grocery Reminder; alarm_id 5 - 10:00 PM, Wind Down]']	Could you move the 6:50 AM alarm to 7:00 AM?	Could you move 'alarm_id 1 - 6:50 AM, Stretch' to 7:00 AM?	{'plan': 'ACTION_EDIT_ALARM', 'arguments': {'alarm_id': 1, 'EXTRA_HOUR': 7, 'EXTRA_MINUTES': 0}}	ACTION_SHOW_ALARMS-697-ACTION_EDIT_ALARM-1	['ACTION_SET_RINGTONE', 'ACTION_SHOW_TIMERS', 'send_email', 'ACTION_EDIT_ALARM', 'dial']	ACTION_EDIT_ALARM
['turn 1: Show me all active alarms. -> Here are your active alarms: \[alarm_id 1 - 6:50 AM, Stretch; alarm_id 2 - 9:00 AM, Stand-Up Meeting]']	Could you move the Stand-Up Meeting alarm to 9:15 AM and set it to weekdays only?	Could you move 'alarm_id 2 - 9:00 AM, Stand-Up Meeting' to 9:15 AM and set it to weekdays only?	{'plan': 'ACTION_EDIT_ALARM', 'arguments': {'alarm_id': 2, 'EXTRA_HOUR': 9, 'EXTRA_MINUTES': 15, 'EXTRA_DAYS': ['Monday', 'Tuesday', 'Wednesday', 'Thursday', 'Friday']}}	ACTION_SHOW_ALARMS-683-ACTION_EDIT_ALARM-1	['ACTION_VIDEO_CAPTURE', 'dial', 'ACTION_EDIT_ALARM', 'ACTION_VIEW_PLAYLIST', 'get_contact_info_from_uri']	ACTION_EDIT_ALARM
['turn 1: Could you show me the phone number and email for content://contacts/people/1035? -> Here are the phone number and email for content://contacts/people/1035.']	Could you change its company to Initech?	Could you change the company of content://contacts/people/1035 to Initech?	{'plan': 'ACTION_EDIT_CONTACT', 'arguments': {'contact_uri': 'content://contacts/people/1035', 'contact_info': {'company': 'Initech'}}}	ACTION_VIEW_CONTACT-786-ACTION_EDIT_CONTACT-1	['ACTION_OPEN_CONTENT', 'ACTION_EDIT_CONTACT', 'send_email', 'ACTION_VIEW_SENT_MESSAGES', 'ACTION_SHOW_ALARMS']	ACTION_EDIT_CONTACT
['turn 1: Could you retrieve the email address for content://contacts/people/23? -> Sure thing—here’s the email: [jane.doe23@example.com].']	Could you add the phone number 555-123-4567 to that contact?	Could you add the phone number 555-123-4567 to content://contacts/people/23?	{'plan': 'ACTION_EDIT_CONTACT', 'arguments': {'contact_uri': 'content://contacts/people/23', 'contact_info': {'phone': '555-123-4567'}}}	get_contact_info-968-ACTION_EDIT_CONTACT-1	['ACTION_EDIT_ALARM', 'get_contact_info_from_uri', 'ACTION_EDIT_CONTACT', 'ACTION_CREATE_DOCUMENT', 'send_message']	ACTION_EDIT_CONTACT
['turn 1: Could you provide the mailing address for content://com.company.contacts/contact/789? -> Certainly—on file, it’s 456 Corporate Blvd, Suite 100, Business City, CA 90001.']	Could you update that contact’s address to 123 New Ave, Floor 5, Businesstown, NY 10002?	Could you update content://com.company.contacts/contact/789’s address to 123 New Ave, Floor 5, Businesstown, NY 10002?	{'plan': 'ACTION_EDIT_CONTACT', 'arguments': {'contact_uri': 'content://com.company.contacts/contact/789', 'contact_info': {'address': '123 New Ave, Floor 5, Businesstown, NY 10002'}}}	get_contact_info-969-ACTION_EDIT_CONTACT-1	['ACTION_VIEW_CALL_LOG', 'web_search', 'ACTION_EDIT_CONTACT', 'ACTION_GET_RINGTONE', 'ACTION_VIEW_PLAYLIST']	ACTION_EDIT_CONTACT
['turn 1: Please play the video file:///C:/Users/Public/Videos/SampleVideo.wmv in Windows Media Player. -> Windows Media Player is now playing file:///C:/Users/Public/Videos/SampleVideo.wmv.']	Could you trim that video so it starts at 15 seconds and ends at 2 minutes?	Could you trim file:///C:/Users/Public/Videos/SampleVideo.wmv so it starts at 15 seconds and ends at 2 minutes?	{'plan': 'ACTION_EDIT_VIDEO', 'arguments': {'video_uri': 'file:///C:/Users/Public/Videos/SampleVideo.wmv', 'edit_options': {'start_time': 15000, 'end_time': 120000}}}	play_video-1421-ACTION_EDIT_VIDEO-1	['ACTION_EDIT_VIDEO', 'ACTION_INSERT_EVENT', 'send_message', 'search_location', 'ACTION_VIEW_WEB_HISTORY']	ACTION_EDIT_VIDEO
['turn 1: Could you play test.avi from the root directory? -> Now playing test.avi.']	Could you trim it to the first 5 seconds?	Could you trim test.avi to the first 5 seconds?	{'plan': 'ACTION_EDIT_VIDEO', 'arguments': {'video_uri': 'test.avi', 'edit_options': {'start_time': 0, 'end_time': 5000}}}	play_video-1453-ACTION_EDIT_VIDEO-1	['INTENT_ACTION_STILL_IMAGE_CAMERA', 'send_message', 'ACTION_CREATE_DOCUMENT', 'ACTION_EDIT_VIDEO', 'get_contact_info']	ACTION_EDIT_VIDEO
['turn 1: Could you play the recording at blob://videos/recording123? -> Now playing recording123 from blob://videos/recording123.']	Could you trim it from 50000 ms to 60000 ms?	Could you trim blob://videos/recording123 from 50000 ms to 60000 ms?	{'plan': 'ACTION_EDIT_VIDEO', 'arguments': {'video_uri': 'blob://videos/recording123', 'edit_options': {'start_time': 50000, 'end_time': 60000}}}	play_video-1431-ACTION_EDIT_VIDEO-1	['ACTION_VIEW_SENT_MESSAGES', 'ACTION_SET_RINGTONE', 'ACTION_EDIT_VIDEO', 'web_search', 'ACTION_SET_TIMER']	ACTION_EDIT_VIDEO
['turn 1: Could you show me all incoming and outgoing calls from today? -> Here’s your call history: Grace at +1-212-555-0198 (Missed) at 3:10 PM today; Henry at +1-646-555-0123 (Incoming) at 4:50 PM yesterday; Isabella at +1-323-555-0167 (Outgoing) at 10:25 AM today.']	Could you add that number to your contacts under the name Grace?	Could you add +1-212-555-0198 to your contacts under the name Grace?	{'plan': 'ACTION_INSERT_CONTACT', 'arguments': {'contact_info': {'name': 'Grace', 'phone': '+1-212-555-0198'}}}	ACTION_VIEW_CALL_LOG-1893-ACTION_INSERT_CONTACT-1	['INTENT_ACTION_STILL_IMAGE_CAMERA', 'ACTION_EDIT_ALARM', 'ACTION_OPEN_CONTENT', 'ACTION_EDIT_VIDEO', 'ACTION_INSERT_CONTACT']	ACTION_INSERT_CONTACT
['turn 1: Could you show me the device’s missed and dialed calls? -> Here’s your call log: Jack at +1-718-555-0145 (Outgoing) – Today at 1:00 PM; Karen at +49-30-1234-5678 (Incoming) – Yesterday at 9:45 AM; Leo at +1-305-555-0199 (Missed) – Today at 7:20 AM.']	"Could you save that number as ""Jack"" in my contacts?"	"Could you save +1-718-555-0145 as ""Jack"" in my contacts?"	{'plan': 'ACTION_INSERT_CONTACT', 'arguments': {'contact_info': {'name': 'Jack', 'phone': '+1-718-555-0145'}}}	ACTION_VIEW_CALL_LOG-1894-ACTION_INSERT_CONTACT-1	['ACTION_INSERT_CONTACT', 'ACTION_CREATE_DOCUMENT', 'INTENT_ACTION_STILL_IMAGE_CAMERA', 'ACTION_INSERT_EVENT', 'search_location']	ACTION_INSERT_CONTACT
['turn 1: Could you list my recent incoming and outgoing calls? -> Here are your recent call entries: Mia at +1-213-555-0156 (Missed) at 5:35 PM today; Noah at +1-415-555-0001 (Outgoing) at 2:10 PM yesterday; Olivia at +44-20-7946-0999 (Incoming) at 8:00 AM today.']	Could you add second history as a new contact under the name Mia?	Could you add second history at +1-213-555-0156 as a new contact under the name Mia?	{'plan': 'ACTION_INSERT_CONTACT', 'arguments': {'contact_info': {'name': 'Mia', 'phone': '+44-20-7946-0999'}}}	ACTION_VIEW_CALL_LOG-1895-ACTION_INSERT_CONTACT-1	['ACTION_SHOW_ALARMS', 'ACTION_CREATE_DOCUMENT', 'get_contact_info', 'ACTION_OPEN_DOCUMENT', 'ACTION_INSERT_CONTACT']	ACTION_INSERT_CONTACT
['turn 1: Could you show me the details of my event #12 scheduled for 9:00 AM tomorrow? -> Event 12: Client Presentation at 9:00 AM tomorrow in Conference Room B.']	Could you guide me to that conference room?	Could you guide me to Conference Room B?	{'plan': 'ACTION_NAVIGATE_TO_LOCATION', 'arguments': {'location': 'Conference Room B'}}	ACTION_VIEW_EVENT-1786-ACTION_NAVIGATE_TO_LOCATION-1	['INTENT_ACTION_VIDEO_CAMERA', 'ACTION_INSERT_EVENT', 'ACTION_EDIT_ALARM', 'open_settings', 'ACTION_NAVIGATE_TO_LOCATION']	ACTION_NAVIGATE_TO_LOCATION
['turn 1: Where is the Great Wall of China located? -> The Great Wall is located near Huairou District, China, at approximately 40.4319° N, 116.5704° E.']	Could you guide me to that location?	Could you guide me to 40.4319° N, 116.5704° E?	{'plan': 'ACTION_NAVIGATE_TO_LOCATION', 'arguments': {'location': 'Huairou District: 40.4319° N, 116.5704° E, China'}}	search_location-1139-ACTION_NAVIGATE_TO_LOCATION-1	['ACTION_OPEN_CONTENT', 'INTENT_ACTION_VIDEO_CAMERA', 'ACTION_NAVIGATE_TO_LOCATION', 'ACTION_VIEW_RECENT_APPS', 'get_contact_info_from_uri']	ACTION_NAVIGATE_TO_LOCATION
['turn 1: Could you show me the appointment with ID 67? -> Event 67: Performance Review at 1:00 PM on May 28 in the Manager’s Office.']	Could you get directions to that office?	Could you get directions to the Manager’s Office?	{'plan': 'ACTION_NAVIGATE_TO_LOCATION', 'arguments': {'location': 'Manager’s Office'}}	ACTION_VIEW_EVENT-1792-ACTION_NAVIGATE_TO_LOCATION-1	['ACTION_INSERT_EVENT', 'ACTION_CREATE_DOCUMENT', 'ACTION_NAVIGATE_TO_LOCATION', 'ACTION_VIDEO_CAPTURE', 'ACTION_GET_RINGTONE']	ACTION_NAVIGATE_TO_LOCATION
['turn 1: Please record my vlog and save it to content://videos/vlog1.mp4. -> Your vlog has been recorded and saved at content://videos/vlog1.mp4.']	Could you play back the vlog I just recorded?	Could you play back the vlog I just recorded at content://videos/vlog1.mp4?	{'plan': 'ACTION_OPEN_CONTENT', 'arguments': {'uri': 'content://videos/vlog1.mp4', 'mime_type': 'video/mp4'}}	ACTION_VIDEO_CAPTURE-710-ACTION_OPEN_CONTENT-1	['ACTION_SET_TIMER', 'send_message', 'ACTION_OPEN_CONTENT', 'web_search', 'ACTION_GET_RINGTONE']	ACTION_OPEN_CONTENT
['turn 1: Could you take a picture of the current scene? -> All set—image captured and saved to content://camera_app/photos/98765.']	Could you display that image?	Could you display content://camera_app/photos/98765?	{'plan': 'ACTION_OPEN_CONTENT', 'arguments': {'uri': 'content://camera_app/photos/98765'}}	ACTION_IMAGE_CAPTURE-339-ACTION_OPEN_CONTENT-1	['send_message', 'ACTION_SET_TIMER', 'ACTION_CREATE_DOCUMENT', 'ACTION_EDIT_DOCUMENT', 'ACTION_OPEN_CONTENT']	ACTION_OPEN_CONTENT
['turn 1: Could you record a video and save it to content://videos/my_birthday.mp4? -> Sure—your birthday video has been saved to content://videos/my_birthday.mp4.']	Could you play back the birthday video?	Could you play back content://videos/my_birthday.mp4?	{'plan': 'ACTION_OPEN_CONTENT', 'arguments': {'uri': 'content://videos/my_birthday.mp4', 'mime_type': 'video/mp4'}}	ACTION_VIDEO_CAPTURE-708-ACTION_OPEN_CONTENT-1	['ACTION_CREATE_DOCUMENT', 'ACTION_OPEN_CONTENT', 'ACTION_VIEW_RECENT_APPS', 'play_video', 'launch_application']	ACTION_OPEN_CONTENT
['turn 1: Could you show me my recent call history? -> Here are your recent calls: Diana at +44-20-7946-0958 (Incoming) today at 8:30 AM; Emma at +1-415-555-2671 (Missed) yesterday at 6:20 PM; Frank at +1-629-555-0148 (Outgoing) today at 11:05 AM.']	Could you give her a ring?	Could you give Diana at +44-20-7946-0958 a ring?	{'plan': 'dial', 'arguments': {'phone_number': '+44-20-7946-0958'}}	ACTION_VIEW_CALL_LOG-1892-dial-1	['ACTION_VIDEO_CAPTURE', 'ACTION_VIEW_EVENT', 'ACTION_EDIT_VIDEO', 'dial', 'ACTION_VIEW_WEB_HISTORY']	dial
['turn 1: Could you show me my device’s missed and dialed calls? -> Here’s your call log: Jack at +1-718-555-0145 (Outgoing) at 1:00 PM today; Karen at +49-30-1234-5678 (Incoming) at 9:45 AM yesterday; Leo at +1-305-555-0199 (Missed) at 7:20 AM today.']	Could you return Leo’s call?	Could you return +1-305-555-0199’s call?	{'plan': 'dial', 'arguments': {'phone_number': '+1-305-555-0199'}}	ACTION_VIEW_CALL_LOG-1894-dial-1	['ACTION_SET_ALARM', 'launch_application', 'ACTION_CREATE_DOCUMENT', 'ACTION_EDIT_CONTACT', 'dial']	dial
"['turn 1: Could you list all SMS and MMS messages sent from this device? -> Here are your sent messages: Mom at +82-3512-0000 – ""I’ll be there soon""; Alice – ""Happy Birthday!""; Bob at +1-202-555-0147 – ""Meeting at 2pm?""']"	Could you call Bob at +1-202-555-0147 now?	Could you call Bob at +1-202-555-0147 now?	{'plan': 'dial', 'arguments': {'phone_number': '+1-202-555-0147'}}	ACTION_VIEW_SENT_MESSAGES-2009-dial-1	['INTENT_ACTION_VIDEO_CAMERA', 'ACTION_GET_RINGTONE', 'dial', 'send_message', 'open_settings']	dial
['turn 1: Could you look up the address for 500 Terry Francois Boulevard in San Francisco, CA? -> Here’s the address: 500 Terry Francois Blvd, San Francisco, CA 94158, USA.']	Could you email that address to [assistant@example.com] and ask them to schedule a site visit?	Could you email 500 Terry Francois Blvd, San Francisco, CA 94158, USA to [assistant@example.com] and ask them to schedule a site visit?	{'plan': 'send_email', 'arguments': {'to': 'assistant@example.com', 'body': 'Please schedule a site visit at 500 Terry Francois Blvd, San Francisco, CA 94158, USA.'}}	search_location-1138-send_email-1	['ACTION_VIEW_CONTACT', 'ACTION_NAVIGATE_TO_LOCATION', 'INTENT_ACTION_VIDEO_CAMERA', 'send_email', 'ACTION_EDIT_VIDEO']	send_email
"['turn 1: Could you send a quick reminder to John at +1-555-123-4567 saying ""Don’t forget the meeting at 3 PM today""? -> Your reminder has been sent to +1-555-123-4567.']"	Could you email that reminder to [john@example.com]?	Could you email the reminder to [john@example.com]?	{'plan': 'send_email', 'arguments': {'to': 'john@example.com'}}	send_message-1241-send_email-1	['ACTION_INSERT_CONTACT', 'send_email', 'get_contact_info', 'ACTION_VIEW_EVENT', 'ACTION_SHOW_ALARMS']	send_email
"['turn 1: Could you show me my sent emails? -> Here are your sent emails: to [alice@example.com] – ""Project Update""; to [bob@example.com] – ""Meeting Agenda""; to [carol@example.com] – ""Budget Review"".']"	Could you send her the revised budget summary?	Could you send carol@example.com the revised budget summary?	{'plan': 'send_email', 'arguments': {'to': 'carol@example.com', 'body': 'the revised budget summary'}}	ACTION_VIEW_SENT_EMAILS-1945-send_email-1	['play_video', 'send_email', 'open_settings', 'ACTION_VIEW_CONTACT', 'ACTION_EDIT_VIDEO']	send_email
"['turn 1: Could you show me my recently sent messages? -> Here are your recently sent messages: \[[dave@example.com] – ""Team Outing Details""; [eve@example.com] – ""Client Feedback""; [frank@example.com] – ""Proposal Draft""]']"	Could you send a reminder to the third recipient to review the proposal draft?	Could you send a reminder to frank@example.com to review the proposal draft?	{'plan': 'send_message', 'arguments': {'to': 'frank@example.com', 'message': 'review the proposal draft'}}	ACTION_VIEW_SENT_EMAILS-1946-send_message-1	['ACTION_VIEW_PLAYLIST', 'ACTION_SET_TIMER', 'dial', 'play_music', 'send_message']	send_message
['turn 1: Could you trim the first 5 seconds of content://videos/celebration.mp4? -> Trimming the first 5 seconds of celebration.mp4 now.']	Could you send the edited video to Emily with the message 'Check out the edited intro!'?	Could you send content://videos/celebration.mp4 to Emily with the message 'Check out the edited intro!'?	{'plan': 'send_message', 'arguments': {'to': 'Emily', 'message': 'Check out the edited intro!', 'attachments': ['content://videos/celebration.mp4']}}	ACTION_EDIT_VIDEO-1686-send_message-1	['ACTION_SHOW_TIMERS', 'web_search', 'ACTION_VIEW_SENT_MESSAGES', 'INTENT_ACTION_VIDEO_CAMERA', 'send_message']	send_message
['turn 1: Could you fetch the recent call records? -> Here’s your call log: Steve at +1-312-555-0190 (Missed) at 2:05 PM today; Tina at +1-703-555-0183 (Incoming) at 8:15 AM yesterday; Uma at +44-161-555-0123 (Outgoing) at 6:55 PM today.']	Could you send a message to the second person saying 'Let me know when you call back.'?	Could you send a message to Tina at +1-703-555-0183 saying 'Let me know when you call back.'?	{'plan': 'send_message', 'arguments': {'to': '+1-703-555-0183', 'message': 'Let me know when you call back.'}}	ACTION_VIEW_CALL_LOG-1897-send_message-1	['ACTION_CREATE_DOCUMENT', 'ACTION_SET_RINGTONE', 'ACTION_SET_ALARM', 'send_email', 'send_message']	send_message
