conversation_history	ori_query	ori_rewrited_query	answer	unique_idx	refered_turn	candidates	plan	new_query	rewrited_query	query
['turn 1: Fetch any media files for preview. -> Opening file picker—select any files you’d like to preview. You can pick multiple items.', 'turn 2: Could you set a repeating alarm at 10:15 PM on Mondays and Thursdays for medication? -> Your medication reminder (alarm_no7) is on for 10:15 PM every Monday and Thursday.', 'turn 3: I need a couple of XLSX spreadsheets showing quarterly data. -> Select two or more XLSX spreadsheets with your quarterly figures.']	Merge those previews into a new PDF named PreviewBundle.pdf	Merge the files you selected for preview into a new PDF named PreviewBundle.pdf	{'plan': 'ACTION_CREATE_DOCUMENT', 'arguments': {'mime_type': 'application/pdf', 'initial_name': 'PreviewBundle.pdf'}}	ACTION_GET_CONTENT-196-ACTION_CREATE_DOCUMENT-1-get_contact_info_from_uri-1_NR-ACTION_CREATE_DOCUMENT-1	1	['ACTION_CREATE_DOCUMENT', 'ACTION_VIEW_PLAYLIST', 'ACTION_VIEW_EVENT', 'ACTION_VIEW_CALL_LOG', 'ACTION_GET_CONTENT']	ACTION_CREATE_DOCUMENT	"Merge the files you previewed into a PDF named ""PreviewBundle.pdf."""	"Merge the media files you previewed to a PDF named ""PreviewBundle.pdf."""	"Merge the files you previewed to a PDF named ""PreviewBundle.pdf."""
"['turn 1: Could you allow me to pick multiple image files to upload? -> You got it—tap on the images you want to upload. Multiple selections are allowed.', 'turn 2: I want to choose a new alarm melody from my device; open the picker please. -> The ringtone picker is ready; go ahead and select your alarm melody.', ""turn 3: Send an email to info@museum.org inquiring about group tour rates. Subject: 'Group Tour Inquiry'. -> Your inquiry on group tour rates has been emailed to info@museum.org under the subject “Group Tour Inquiry.”""]"	Create a new image file for those images named BatchUpload.jpg	Create a new image file for the images you selected named BatchUpload.jpg	{'plan': 'ACTION_CREATE_DOCUMENT', 'arguments': {'mime_type': 'image/jpeg', 'initial_name': 'BatchUpload.jpg'}}	ACTION_GET_CONTENT-198-get_contact_info_from_uri-1_NR-dial-1-ACTION_CREATE_DOCUMENT-1	1	['INTENT_ACTION_VIDEO_CAMERA', 'ACTION_VIEW_CALL_LOG', 'send_email', 'ACTION_OPEN_DOCUMENT', 'ACTION_CREATE_DOCUMENT']	ACTION_CREATE_DOCUMENT	Please create a new image file from the selected images and name it 'BatchUpload.jpg'.	Please create a new image file from the images you tapped on and name it 'BatchUpload.jpg'.	Please create a new image file from the selected images and naem it 'BatchUpload.jpg'.
"[""turn 1: I want to choose a single PDF report. -> Here's the report you selected: content://docs/annual_report.pdf"", ""turn 2: Please transmit 'Password for the vault is 8392' to the security manager at +1-310-555-0111. -> Vault password notification sent securely to +13105550111."", ""turn 3: Insert event titled 'Sprint Planning' tomorrow at 9 AM for two hours in Meeting Room A. Description: Plan next sprint tasks. -> Your 'Sprint Planning' meeting is set for tomorrow from 9:00\xa0AM–11:00\xa0AM in Meeting Room\xa0A. Review it at content://calendar/event/1009""]"	Save that report in a new PDF document named AnnualReportCopy.pdf.	Save content://docs/annual_report.pdf in a new PDF document named AnnualReportCopy.pdf.	{'plan': 'ACTION_CREATE_DOCUMENT', 'arguments': {'mime_type': 'application/pdf', 'initial_name': 'AnnualReportCopy.pdf'}}	ACTION_GET_CONTENT-174-ACTION_OPEN_DOCUMENT-1_NR-ACTION_CREATE_DOCUMENT-1-ACTION_CREATE_DOCUMENT-1	1	['ACTION_VIEW_PLAYLIST', 'ACTION_EDIT_DOCUMENT', 'open_settings', 'ACTION_GET_CONTENT', 'ACTION_CREATE_DOCUMENT']	ACTION_CREATE_DOCUMENT	Save that report as a new PDF document named AnnualReportCopy.pdf.	Save content://docs/annual_report.pdf as a new PDF document named AnnualReportCopy.pdf.	Save that report as a knew PDF document named AnnualReportCopy.pdf.
"['turn 1: Please let me select both video and audio clips. -> Here are your clips:\n- content://videos/travel_clip.mp4\n- content://music/theme_song.mp3', 'turn 2: I need to find 221B Baker Street in London—can you locate it? -> 221B Baker Street is at 221B Baker St, Marylebone, London NW1\xa06XE, UK.', ""turn 3: Could you edit content://contacts/people/aiden to include address '99 Sunset Blvd' and email aiden99@sunset.com? -> Aiden’s contact saved: address is now 99 Sunset Blvd and email aiden99@sunset.com. (URI: content://contacts/people/aiden)""]"	Create a new audio file named CombinedClips.mp3 to combine those clips.	Create a new audio file named CombinedClips.mp3 to combine the clips content://videos/travel_clip.mp4 and content://music/theme_song.mp3.	{'plan': 'ACTION_CREATE_DOCUMENT', 'arguments': {'mime_type': 'audio/mpeg', 'initial_name': 'CombinedClips.mp3'}}	ACTION_GET_CONTENT-175-ACTION_CREATE_DOCUMENT-1-ACTION_EDIT_DOCUMENT-1-ACTION_CREATE_DOCUMENT-1	1	['ACTION_EDIT_CONTACT', 'dial', 'ACTION_VIEW_RECENT_APPS', 'ACTION_CREATE_DOCUMENT', 'launch_application']	ACTION_CREATE_DOCUMENT	Please combine those clips into a new audio file named CombinedClips.mp3.	Please combine content://videos/travel_clip.mp4 and content://music/theme_song.mp3 into an audio file named CombinedClips.mp3.	Please combine those clips into a audio file named CombinedClips.mp3.
['turn 1: Grab web assets: HTML, CSS and JavaScript files. -> Ready to grab web assets—pick your HTML, CSS, and JS files. Multiple selection is enabled.', 'turn 2: Set a customer call on December 1, 2024 at 7:30 PM for 30 minutes to discuss contract renewal. -> Your Customer Call to discuss contract renewal is scheduled for December\xa01,\xa02024 from 7:30\xa0PM to 8:00\xa0PM. Access it here: content://calendar/event/103', 'turn 3: Shoot and let the app handle file location. -> Shot fired! Image stored at content://camera_roll/IMG_7890.png.']	Create a new ZIP file for these web assets named WebAssets.zip	Create a new ZIP file for the grabbed HTML, CSS, and JavaScript files named WebAssets.zip	{'plan': 'ACTION_CREATE_DOCUMENT', 'arguments': {'mime_type': 'application/zip', 'initial_name': 'WebAssets.zip'}}	ACTION_OPEN_DOCUMENT-164-get_contact_info-1_NR-search_location-1-ACTION_CREATE_DOCUMENT-1	1	['ACTION_OPEN_CONTENT', 'ACTION_VIEW_SENT_EMAILS', 'ACTION_CREATE_DOCUMENT', 'send_email', 'ACTION_IMAGE_CAPTURE']	ACTION_CREATE_DOCUMENT	Please create a new ZIP archive named WebAssets.zip containing these web assets.	Please create a new ZIP archive named WebAssets.zip containing the grabbed HTML, CSS, and JavaScript files.	Please create a new ZIP archive named WebAssets.zip containing these webb assets.
['turn 1: Please create a PDF invoice named Invoice_March2024.pdf. -> Invoice_March2024.pdf has been created successfully at content://documents/Invoice_March2024.pdf.', 'turn 2: Please pick a contact’s email for me to invite them. -> Opening email picker—select an address to send your invite.', 'turn 3: Give me the email for content://contacts/people/400. -> You’ve got it: the email is charlotte.jones@example.org.']	Edit that PDF to append payment terms at the end	Edit content://documents/Invoice_March2024.pdf to append payment terms at the end	{'plan': 'ACTION_EDIT_DOCUMENT', 'arguments': {'document_uri': 'content://documents/Invoice_March2024.pdf', 'content': 'Append payment terms at the end'}}	ACTION_CREATE_DOCUMENT-15-ACTION_EDIT_DOCUMENT-1-INTENT_ACTION_VIDEO_CAMERA-1_NR-ACTION_EDIT_DOCUMENT-1	1	['ACTION_SET_TIMER', 'ACTION_VIEW_EVENT', 'web_search', 'ACTION_EDIT_DOCUMENT', 'ACTION_SHOW_TIMERS']	ACTION_EDIT_DOCUMENT	Please edit the PDF to add payment terms at the end.	Please edit content://documents/Invoice_March2024.pdf to add paymnet terms at the end.	Please edit the PDF to add paymnet terms at the end.
['turn 1: Create an XML config file named settings.xml. -> Your XML file settings.xml is now available at content://documents/settings.xml.', 'turn 2: Pull out the billing contact email from content://contacts/999/data/email_billing. -> Here’s the billing contact email you requested: billing@company.com.', 'turn 3: Please fetch all my recent phone call activities. -> Fetched your recent phone call activities:\n• Alice +1-302-3782 (Missed) - Today 2:45 PM\n• Charlie +1-555-0199 (Incoming) - Today 9:30 AM\n• Mom +1-800-123-4567 (Incoming) - Today 6:00 AM\n• John +44-20-7946-0958 (Outgoing) - Today 11:45 AM\n• Restaurant +1-212-555-0199 (Incoming) - Yesterday 8:30 PM']	Edit that XML file to include default configurations for database and API endpoints.	Edit content://documents/settings.xml to include default configurations for database and API endpoints.	{'plan': 'ACTION_EDIT_DOCUMENT', 'arguments': {'document_uri': 'content://documents/settings.xml', 'content': 'default configurations for database and API endpoints'}}	ACTION_CREATE_DOCUMENT-14-INTENT_ACTION_STILL_IMAGE_CAMERA-1_NR-ACTION_IMAGE_CAPTURE-1-ACTION_EDIT_DOCUMENT-1	1	['ACTION_EDIT_DOCUMENT', 'INTENT_ACTION_STILL_IMAGE_CAMERA', 'send_message', 'ACTION_INSERT_EVENT', 'ACTION_CREATE_DOCUMENT']	ACTION_EDIT_DOCUMENT	Could you update the settings.xml file to include default configurations for the database and API endpoints?	Update content://documents/settings.xml to include default configurations for the database and API endpoints.	Could you update the settings.xml file to include defalt configurations for the database and API endpoints?
"[""turn 1: Please set up an MP4 video file called intro_video.mp4. -> Intro video 'intro_video.mp4' created successfully. Find it at content://videos/intro_video.mp4"", ""turn 2: How many calories are in one medium avocado? -> Search results for 'calories in one medium avocado': Nutrition facts showing roughly 230–250 calories per medium avocado."", 'turn 3: Bring up the display options so I can adjust brightness and timeout. -> Display settings are open for brightness and timeout adjustments.']"	Can you crop that video to a 16:9 aspect ratio?	Can you crop content://videos/intro_video.mp4 to a 16:9 aspect ratio?	{'plan': 'ACTION_EDIT_DOCUMENT', 'arguments': {'document_uri': 'content://videos/intro_video.mp4', 'content': 'Crop to a 16:9 aspect ratio'}}	ACTION_CREATE_DOCUMENT-37-ACTION_OPEN_CONTENT-1-open_settings-1_NR-ACTION_EDIT_DOCUMENT-1	1	['search_location', 'ACTION_EDIT_DOCUMENT', 'ACTION_EDIT_ALARM', 'get_contact_info', 'open_settings']	ACTION_EDIT_DOCUMENT	Could you crop the intro_video.mp4 video to a 16:9 aspect ratio?	Could you crop content://videos/intro_video.mp4 to a 16:9 aspect ratio?	Could you crop the intro_video.mp4 video to a 16:9 aspect raito?
"[""turn 1: I'd like to create a new PowerPoint slide deck titled DraftDeck.pptx. -> DraftDeck.pptx is ready! You can find it here: content://documents/DraftDeck.pptx."", 'turn 2: Could you launch the ringtone selector? -> Ringtone picker is opening now. Feel free to browse and select.', 'turn 3: Show me the business email on content://contacts/102/email_business. -> Business email: alex.brown@business.com.']"	Edit that deck to add a title slide	Edit content://documents/DraftDeck.pptx to add a title slide	{'plan': 'ACTION_EDIT_DOCUMENT', 'arguments': {'document_uri': 'content://documents/DraftDeck.pptx', 'content': 'Add a title slide'}}	ACTION_CREATE_DOCUMENT-16-ACTION_OPEN_DOCUMENT-1_NR-send_message-1-ACTION_EDIT_DOCUMENT-1	1	['ACTION_OPEN_DOCUMENT', 'ACTION_VIEW_RECENT_APPS', 'ACTION_EDIT_DOCUMENT', 'ACTION_SET_RINGTONE', 'ACTION_PICK']	ACTION_EDIT_DOCUMENT	Could you add a title slide to DraftDeck.pptx, please?	Add a title slide to content://documents/DraftDeck.pptx	Could you add a tile slide to DraftDeck.pptx, please?
"[""turn 1: I'd like to create a new PowerPoint slide deck titled DraftDeck.pptx. -> DraftDeck.pptx is ready! You can find it here: content://documents/DraftDeck.pptx."", 'turn 2: Fetch an AAC audio file. -> Sure thing! Please pick an AAC audio file to open.', 'turn 3: I need to update Isla’s company to Global Ventures in her contact URI content://contacts/people/isla_v. -> Sure, pulling up Isla’s contact. You can update her company to Global Ventures.']"	Edit that deck to add a title slide	Edit content://documents/DraftDeck.pptx to add a title slide	{'plan': 'ACTION_EDIT_DOCUMENT', 'arguments': {'document_uri': 'content://documents/DraftDeck.pptx', 'content': 'add a title slide'}}	ACTION_CREATE_DOCUMENT-16-ACTION_EDIT_DOCUMENT-1-ACTION_OPEN_DOCUMENT-1_NR-ACTION_EDIT_DOCUMENT-2	1	['play_music', 'send_message', 'get_contact_info', 'ACTION_EDIT_DOCUMENT', 'ACTION_EDIT_VIDEO']	ACTION_EDIT_DOCUMENT	Could you edit the deck to include a title slide?	Could you edit content://documents/DraftDeck.pptx too include a title slide?	Could you edit the deck too include a title slide?
['turn 1: Set ringtone to uptempo_loop in Music: content://storage/emulated/0/Music/uptempo_loop.flac -> All right! Your ringtone has been updated to “uptempo_loop.flac.”', 'turn 2: Let me open an XLS spreadsheet. -> Opened your spreadsheet: content://docs/spreadsheet.xls', 'turn 3: Please open the PDF located at content://documents/report2023.pdf -> Sure, opening your PDF now: content://documents/report2023.pdf.']	Show me other ringtone options besides that one	Show me other ringtone options besides uptempo_loop.flac	{'plan': 'ACTION_GET_RINGTONE', 'arguments': {}}	ACTION_SET_RINGTONE-1616-ACTION_GET_RINGTONE-1-ACTION_SET_ALARM-1-ACTION_GET_RINGTONE-1	1	['ACTION_EDIT_CONTACT', 'ACTION_VIEW_EVENT', 'ACTION_GET_RINGTONE', 'ACTION_NAVIGATE_TO_LOCATION', 'ACTION_INSERT_CONTACT']	ACTION_GET_RINGTONE	Can you show me some other ringtone options besides this one?	Can you show me some other ringtone options besides uptempo_loop in Music: content://storage/emulated/0/Music/uptempo_loop.flac?	Can you show me some other ringtone optios besides this one?
['turn 1: Please change the default ring AC to this file: content://storage/emulated/0/Download/fall_asleep.m4r -> All right, your ringtone is now fall_asleep.m4r.', 'turn 2: Expose the email for content://com.app.addressbook/contacts/116. -> Sure thing! The email on file is test@samsung.com.', 'turn 3: Let me know which alarms exist. -> Here are the alarms on your device: [alarm_id: 1 - 5:50 AM, Prayer, alarm_id: 2 - 7:20 AM, School Drop-Off, alarm_id: 3 - 10:00 PM, Bedtime]']	Can I choose another ringtone instead of that fall_asleep.m4r?	Can I choose another ringtone instead of content://storage/emulated/0/Download/fall_asleep.m4r?	{'plan': 'ACTION_GET_RINGTONE', 'arguments': {}}	ACTION_SET_RINGTONE-1601-ACTION_GET_RINGTONE-1-ACTION_SET_RINGTONE-1-ACTION_GET_RINGTONE-1	1	['get_contact_info_from_uri', 'ACTION_CREATE_DOCUMENT', 'ACTION_GET_RINGTONE', 'ACTION_INSERT_EVENT', 'ACTION_SET_TIMER']	ACTION_GET_RINGTONE	Could I choose a different ringtone instead of fall_asleep.m4r?	Could I choose a diffent ringtone instead of content://storage/emulated/0/Download/fall_as_sleep.m4r?	Could I choose a diffent ringtone instead of fall_asleep.m4r?
"[""turn 1: Set my phone's ringtone to the 'beats' file located at content://sdcard/Music/beats.flac -> I've applied 'beats.flac' as your new ringtone."", 'turn 2: Bring up the display options so I can adjust brightness and timeout. -> Display settings are open for brightness and timeout adjustments.', 'turn 3: Start a countdown for three hours straight. -> Your 3-hour timer is now ticking.']"	Could I pick a different tune instead of that beats.flac?	Could I pick a different tune instead of content://sdcard/Music/beats.flac?	{'plan': 'ACTION_GET_RINGTONE', 'arguments': {}}	ACTION_SET_RINGTONE-1582-ACTION_GET_RINGTONE-1-ACTION_SET_RINGTONE-1-ACTION_GET_RINGTONE-1	1	['get_contact_info_from_uri', 'ACTION_GET_RINGTONE', 'ACTION_IMAGE_CAPTURE', 'open_settings', 'INTENT_ACTION_STILL_IMAGE_CAMERA']	ACTION_GET_RINGTONE	Can I choose a different tune instead of beats.flac?	Can I choose a different tune instead of content://sdcard/Music/beats.flac?	Can I choose a different tune instead of beets.flac?
"[""turn 1: I'd like calls to ring with audio item 250: content://media/internal/audio/media/250 -> Done! Incoming calls will now play audio item 250."", ""turn 2: I'd like to take a picture with default storage. -> Your picture has been taken and saved to content://storage/emulated/0/DCIM/Camera/IMG_0002.jpg."", ""turn 3: Extract the author's email given content://contacts/404/data/email_author. -> The author's email address is emma.stone@authorhub.net.""]"	Show me alternatives to that audio item 250	Show me alternatives to audio item 250	{'plan': 'ACTION_GET_RINGTONE', 'arguments': {}}	ACTION_SET_RINGTONE-1609-get_contact_info_from_uri-1_NR-dial-1-ACTION_GET_RINGTONE-1	1	['ACTION_CREATE_DOCUMENT', 'ACTION_SET_TIMER', 'ACTION_OPEN_DOCUMENT', 'ACTION_GET_RINGTONE', 'ACTION_SET_RINGTONE']	ACTION_GET_RINGTONE	What other audio items are available besides item 250?	What other audio items are available besides content://media/internal/audio/media/250?	What other audio items are availble besides item 250?
"['turn 1: Please apply the tone from content://media/external/audio/media/45 as my default ringtone -> Your ringtone has been switched to content://media/external/audio/media/45.', 'turn 2: I\'d like to plan a movie night at Grand Cinema on October 10, 2024 beginning at 8 PM until 11 PM to watch the new sci-fi film with friends. -> All right! ""Movie Night"" is scheduled for October 10, 2024 from 8:00\xa0PM to 11:00\xa0PM at Grand Cinema. See it here: content://calendar/event/7', 'turn 3: Insert Sarah Connor with phone 610-555-1212, email sarah.connor@resistance.net. -> Sarah Connor’s contact entry is live! content://contacts/people/sarah_connor']"	Let me see other ringtone choices than that.	Let me see other ringtone choices than content://media/external/audio/media/45.	{'plan': 'ACTION_GET_RINGTONE', 'arguments': {}}	ACTION_SET_RINGTONE-1583-ACTION_GET_RINGTONE-1-ACTION_SET_RINGTONE-1-ACTION_GET_RINGTONE-1	1	['ACTION_VIEW_WEB_HISTORY', 'ACTION_VIEW_SENT_EMAILS', 'ACTION_SET_ALARM', 'ACTION_GET_RINGTONE', 'ACTION_SET_RINGTONE']	ACTION_GET_RINGTONE	Can you show me some other ringtone options?	Can you show me some other ringtone optins like content://media/external/audio/media/45?	Can you show me some other ringtone optins?
"['turn 1: Could you search for the location of the Acropolis in Athens, Greece? -> Sure thing! The Acropolis is located at ""Acropolis, Athens 105 58, Greece.""', 'turn 2: Please amend content://contacts/people/anthony by updating the email to ant.hony@mail.com. -> Opening editor for Anthony (content://contacts/people/anthony), pre-filling email: ant.hony@mail.com.', 'turn 3: Retrieve the secondary phone number in content://contacts/546/phone_secondary. -> Secondary phone number is (202) 555-0175.']"	Add an event there titled 'Acropolis Visit' with description 'Tour the ancient site' next Saturday from 10 am to 12 pm	Add an event at Acropolis, Athens 105 58, Greece titled 'Acropolis Visit' with description 'Tour the ancient site' next Saturday from 10 am to 12 pm	{'plan': 'ACTION_INSERT_EVENT', 'arguments': {'TITLE': 'Acropolis Visit', 'DESCRIPTION': 'Tour the ancient site', 'EVENT_LOCATION': 'Acropolis, Athens 105 58, Greece', 'BEGIN_TIME': 1701200000000, 'END_TIME': 1701207200000}}	search_location-1131-ACTION_INSERT_EVENT-1-send_email-1-ACTION_INSERT_EVENT-1	1	['ACTION_SET_RINGTONE', 'ACTION_INSERT_EVENT', 'ACTION_EDIT_ALARM', 'ACTION_OPEN_DOCUMENT', 'ACTION_VIEW_WEB_HISTORY']	ACTION_INSERT_EVENT	Could you add an event there titled 'Acropolis Visit' with the description 'Tour the ancient site' next Saturday from 10:00 AM to 12:00 PM?	Could you ad an event at Acropolis, Athens 105 58, Greece titled 'Acropolis Visit' with the description 'Tour the ancient site' next Saturday from 10:00 AM to 12:00 PM?	Could you ad an event there titled 'Acropolis Visit' with the description 'Tour the ancient site' next Saturday from 10:00 AM to 12:00 PM?
"['turn 1: Can you find where the Great Wall of China is located? -> The Great Wall can be pinpointed around Huairou District: 40.4319°\xa0N, 116.5704°\xa0E, China.', 'turn 2: Could you connect me to the number 4044044044? -> Starting a call to 4044044044...', ""turn 3: Show me my phone's complete dialed, received, and missed calls. -> Call log: Paul +1-310-555-0100 (Missed) - Today at 6:00 PM; Quinn +1-818-555-0111 (Incoming) - Today at 9:30 AM; Rachel +1-917-555-0122 (Outgoing) - Yesterday at 3:05 PM""]"	Plan a hike there on May 1st starting at 8 am for five hours titled 'Great Wall Hike' with description 'Hiking session along the Great Wall'.	Plan a hike at 40.4319° N, 116.5704° E, Huairou District, China on May 1st starting at 8 am for five hours titled 'Great Wall Hike' with description 'Hiking session along the Great Wall'.	{'plan': 'ACTION_INSERT_EVENT', 'arguments': {'TITLE': 'Great Wall Hike', 'DESCRIPTION': 'Hiking session along the Great Wall', 'EVENT_LOCATION': '40.4319° N, 116.5704° E, Huairou District, China', 'BEGIN_TIME': 1710300000000, 'END_TIME': 1710318000000}}	search_location-1139-ACTION_NAVIGATE_TO_LOCATION-1-ACTION_OPEN_DOCUMENT-1_NR-ACTION_INSERT_EVENT-1	1	['INTENT_ACTION_VIDEO_CAMERA', 'ACTION_INSERT_EVENT', 'ACTION_VIEW_SENT_EMAILS', 'ACTION_SET_ALARM', 'ACTION_SET_TIMER']	ACTION_INSERT_EVENT	Could you please plan a five-hour hike at the Great Wall of China (Huairou District, 40.4319° N, 116.5704° E) on May 1st, starting at 8:00 AM? Title it 'Great Wall Hike' and describe it as 'A hiking session along the Great Wall.'	Could you please plan a five-hour hike at the Great Wall of China (Huairou District, 40.4319° N, 116.5704° E) on May 1st, starting at 8:00 AM? Title it 'Grate Wall Hike' and describe it as 'A hiking session along the Great Wall.'	Could you please plan a five-hour hike at the Great Wall of China (Huairou District, 40.4319° N, 116.5704° E) on May 1st, starting at 8:00 AM? Title it 'Grate Wall Hike' and describe it as 'A hiking session along the Great Wall.'
"['turn 1: I want to see where the Burj Khalifa is in Dubai. -> Got it! The Burj Khalifa is at 1 Sheikh Mohammed bin Rashid Blvd, Dubai, UAE. Showing it now.', ""turn 2: Check content://com.example.contacts/742 what information can we see? -> Here's what I found for content://com.example.contacts/742: Name: Alex Johnson; Phone: 123-456-7890; Email: alex.johnson@example.com; Address: 123 Elm St, Springfield."", ""turn 3: Notify mom (number: +1-415-555-2671) that I'm running 10 minutes late. -> Running late alert sent to +14155552671.""]"	Plan an event titled 'Burj Khalifa Visit' with description 'sunset observation deck' at that location this Saturday from 5 PM to 7 PM	Plan an event titled 'Burj Khalifa Visit' with description 'sunset observation deck' at 1 Sheikh Mohammed bin Rashid Blvd, Dubai, UAE this Saturday from 17:00 to 19:00	{'plan': 'ACTION_INSERT_EVENT', 'arguments': {'TITLE': 'Burj Khalifa Visit', 'DESCRIPTION': 'sunset observation deck', 'EVENT_LOCATION': '1 Sheikh Mohammed bin Rashid Blvd, Dubai, UAE', 'BEGIN_TIME': 1710800000000, 'END_TIME': 1710807200000}}	search_location-1164-ACTION_INSERT_EVENT-1-ACTION_VIEW_EVENT-1-ACTION_INSERT_EVENT-1	1	['dial', 'send_email', 'ACTION_SET_RINGTONE', 'ACTION_INSERT_EVENT', 'get_contact_info_from_uri']	ACTION_INSERT_EVENT	Could you plan an event titled “Burj Khalifa Visit” for this Saturday from 5:00 PM to 7:00 PM, with the description “Sunset observation deck” at the Burj Khalifa?	Could you plan an event titled “Burj Khalifa Visit” for this Saturday from 5:00 PM to 7:00 PM, with the description “Sunset observation dock” at the Burj Khalifa?	Could you plan an event titled “Burj Khalifa Visit” for this Saturday from 5:00 PM to 7:00 PM, with the description “Sunset observation dock” at the Burj Khalifa?
"['turn 1: Find me the location of the Colosseum in Rome. -> Here’s the address: Piazza del Colosseo, 1, 00184 Roma RM, Italy.', ""turn 2: Bitcoin price chart for the last 30 days. -> Fetching 'Bitcoin price chart last 30 days'... Snapshot: BTC ranged between $25K–$35K, with an upward trend over the past week."", 'turn 3: Connect me to the lab: 555 000 1111. -> Connecting to 555 000 1111...']"	Schedule a Colosseum tour there tomorrow at 10 am for two hours with description 'Tour the ancient amphitheater'.	Schedule a Colosseum tour at Piazza del Colosseo, 1, 00184 Roma RM, Italy tomorrow at 10 am for two hours with description 'Tour the ancient amphitheater'.	{'plan': 'ACTION_INSERT_EVENT', 'arguments': {'TITLE': 'Colosseum Tour', 'DESCRIPTION': 'Tour the ancient amphitheater', 'EVENT_LOCATION': 'Piazza del Colosseo, 1, 00184 Roma RM, Italy', 'BEGIN_TIME': 1710000000000, 'END_TIME': 1710007200000}}	search_location-1142-ACTION_INSERT_EVENT-1-search_location-1-ACTION_INSERT_EVENT-1	1	['ACTION_IMAGE_CAPTURE', 'ACTION_INSERT_CONTACT', 'ACTION_INSERT_EVENT', 'get_contact_info', 'ACTION_VIEW_EVENT']	ACTION_INSERT_EVENT	Schedule a Colosseum tour for tomorrow at 10 AM, lasting two hours, with the description “Tour the ancient amphitheater.”	Schedule a Colosseum tour for tomorrow at 10 AM, lasting two hours, with the description “Tour the ancient amphitheater.”	Schedule a Coloseum tour for tomorrow at 10 AM, lasting two hours, with the description “Tour the ancient amphitheater.”
['turn 1: Where is the zoo closest to me? -> Nearest zoo found: Smithsonian National Zoo, 3001 Connecticut Ave NW, Washington, DC 20008, USA.', 'turn 2: Schedule an alarm at 18:30 on weekends with ringtone uri://weekend_tune. -> Alarm set for alarm_id: alarm_no2 - 6:30 PM', 'turn 3: Open camera to videotape a scene. -> All set! The scene has been recorded and stored at content://videos/scene.mp4.']	Plan a trip there next Saturday from 10 AM to 1 PM titled 'Zoo Visit' with description 'Family outing to the Smithsonian National Zoo'.	Plan a trip at Smithsonian National Zoo, 3001 Connecticut Ave NW, Washington, DC 20008, USA next Saturday from 10 AM to 1 PM titled 'Zoo Visit' with description 'Family outing to the Smithsonian National Zoo'.	{'plan': 'ACTION_INSERT_EVENT', 'arguments': {'TITLE': 'Zoo Visit', 'DESCRIPTION': 'Family outing to the Smithsonian National Zoo', 'EVENT_LOCATION': 'Smithsonian National Zoo, 3001 Connecticut Ave NW, Washington, DC 20008, USA', 'BEGIN_TIME': 1701200000000, 'END_TIME': 1701210800000}}	search_location-1180-ACTION_INSERT_EVENT-1-ACTION_VIEW_EVENT-1-ACTION_INSERT_EVENT-1	1	['dial', 'ACTION_SET_ALARM', 'ACTION_SHOW_TIMERS', 'INTENT_ACTION_VIDEO_CAMERA', 'ACTION_INSERT_EVENT']	ACTION_INSERT_EVENT	"Please plan a trip to the Smithsonian National Zoo next Saturday from 10:00 AM to 1:00 PM, titled ""Zoo Visit,"" with the description ""Family outing to the Smithsonian National Zoo."""	"Please plan a trip to the Smithsonian National Zoo next Saturday from 10:00 AM to 1:00 PM, titled ""Zoo Visit,"" with the description ""Family outing to the Smithsonian National Zoo."""	"Please plan a trip two the Smithsonian National Zoo next Saturday from 10:00 AM to 1:00 PM, titled ""Zoo Visit,"" with the description ""Family outing to the Smithsonian National Zoo."""
"[""turn 1: Create a 6:45 AM alarm labeled 'Morning workout' without confirmation UI. -> Your 'Morning workout' alarm (ID: alarm_no9) is locked in for 6:45 AM—no confirmation screen required."", 'turn 2: Reach out to Sam on 310.555.1234. -> Connecting you to 310.555.1234...', 'turn 3: Press camera shutter and save the image to content://photos/app_saved/new_photo.jpeg -> Done! Your photo is now stored at content://photos/app_saved/new_photo.jpeg.']"	Show those alarms	Show the alarms currently set on my device.	{'plan': 'ACTION_SHOW_ALARMS', 'arguments': {}}	ACTION_SET_ALARM-552-ACTION_SHOW_ALARMS-1-ACTION_EDIT_ALARM-1-ACTION_SHOW_ALARMS-1	1	['get_contact_info_from_uri', 'open_settings', 'ACTION_SET_ALARM', 'ACTION_SHOW_ALARMS', 'ACTION_VIEW_SENT_MESSAGES']	ACTION_SHOW_ALARMS	Show my current alarms.	View the device's current alarms.	Show my curent alarms.
['turn 1: Could you set a repeating alarm at 10:15 PM on Mondays and Thursdays for medication? -> Your medication reminder (alarm_no7) is on for 10:15 PM every Monday and Thursday.', 'turn 2: Open the trailer movie at content://videos/trailer.mov -> Sure thing—playing the trailer now from content://videos/trailer.mov.', 'turn 3: Might you seize an image of the current scene? -> All set—image captured and saved to content://camera_app/photos/98765.']	Provide me with those alarms	Provide me with the alarms currently set on my device.	{'plan': 'ACTION_SHOW_ALARMS', 'arguments': {}}	ACTION_SET_ALARM-560-ACTION_EDIT_ALARM-1-ACTION_SHOW_ALARMS-1-ACTION_SHOW_ALARMS-1	1	['ACTION_EDIT_CONTACT', 'ACTION_SET_RINGTONE', 'ACTION_VIEW_SENT_EMAILS', 'send_message', 'ACTION_SHOW_ALARMS']	ACTION_SHOW_ALARMS	What alarms do I have set on my device?	What alarms are set on my device?	What alarms do I have set on my devcie?
"['turn 1: I need a sequence: set an alarm for 8:00 with vibration off. -> Alarm set for alarm_id: alarm_no3 - 8:00 AM', 'turn 2: Set up a yoga class on June 10th, 2024 from 6 PM to 7 PM at Sunrise Yoga Studio. It\'s a Vinyasa flow session. -> Done – ""Yoga Class"" is locked in for June 10, 2024 at 6:00\xa0PM at Sunrise Yoga Studio. View it here: content://calendar/event/3', ""turn 3: I need to grab a contact's email; can you show me the email options? -> Opening your contacts’ email entries for selection.""]"	Show me the scheduled alarms to confirm that 8:00 AM alarm.	Show me the scheduled alarms to confirm the alarm set for 8:00 AM (alarm_id: alarm_no3).	{'plan': 'ACTION_SHOW_ALARMS', 'arguments': {}}	ACTION_SET_ALARM-566-ACTION_SHOW_ALARMS-1-ACTION_EDIT_ALARM-1-ACTION_SHOW_ALARMS-1	1	['get_contact_info', 'ACTION_INSERT_CONTACT', 'ACTION_SHOW_ALARMS', 'launch_application', 'ACTION_GET_CONTENT']	ACTION_SHOW_ALARMS	Could you show me all my scheduled alarms so I can confirm the one set for 8:00 AM?	Could you show me all my scheduled alarms so I can conform the one set for 8:00 AM?	Could you show me all my scheduled alarms so I can conform the one set for 8:00 AM?
"['turn 1: Set an alarm at noon without opening the clock app UI. -> Success! Alarm (alarm_no5) set for 12:00 PM.', 'turn 2: List outgoing communications (SMS/MMS). -> Sent messages: Colleague – ""FYI the server is down.""; Mom – ""Happy Mother\'s Day!""; Dad – ""Call me when you\'re free.""', 'turn 3: Using URI content://contacts/people/2023 could you pull the mailing address? -> Certainly—the mailing address is 2023 Cedar Court, Hill Valley, CA 95420.']"	Could you list those alarms?	Could you list the alarms including the one set for 12:00 PM?	{'plan': 'ACTION_SHOW_ALARMS', 'arguments': {}}	ACTION_SET_ALARM-558-INTENT_ACTION_VIDEO_CAMERA-1_NR-ACTION_GET_CONTENT-1-ACTION_SHOW_ALARMS-1	1	['ACTION_EDIT_DOCUMENT', 'ACTION_IMAGE_CAPTURE', 'ACTION_SHOW_ALARMS', 'open_settings', 'ACTION_SET_RINGTONE']	ACTION_SHOW_ALARMS	Could you list all my alarms?	List alarms.	Could you list all my alrams?
"[""turn 1: Please schedule a 2:45 PM alarm every Wednesday called 'Team meeting'. -> Okay, your alarm (ID: alarm_no3) for 'Team meeting' is scheduled weekly on Wednesdays at 2:45 PM."", ""turn 2: Could you fetch all of the alarms I've configured? -> All set alarms: [alarm_id: 1 - 5:30 AM, Swim Training; alarm_id: 2 - 8:15 AM, Office Standup; alarm_id: 3 - 12:00 PM, Lunch Break; alarm_id: 4 - 6:45 PM, Yoga Class; alarm_id: 5 - 9:15 PM, Plan Next Day]"", ""turn 3: Insert an event: 'Coffee Chat' on March 3, 2025 at 9:15 AM to 9:45 AM, description 'Casual team catch‑up'. -> Your “Coffee Chat” (Casual team catch‑up) on March 3, 2025, 9:15\xa0AM–9:45\xa0AM has been created. Access it here: content://calendar/event/10""]"	List those alarms.	List the alarms scheduled every Wednesday at 2:45 PM labeled 'Team meeting'.	{'plan': 'ACTION_SHOW_ALARMS', 'arguments': {}}	ACTION_SET_ALARM-546-ACTION_SHOW_ALARMS-1-ACTION_EDIT_ALARM-1-ACTION_SHOW_ALARMS-1	1	['play_music', 'ACTION_SHOW_ALARMS', 'ACTION_EDIT_VIDEO', 'ACTION_INSERT_EVENT', 'get_contact_info_from_uri']	ACTION_SHOW_ALARMS	Could you show me those alarms?	Could you show me the alarms I've configured?	Could you show me dose alarms?
"['turn 1: Could you arrange a 2.75-hour timer? -> Timer set for 2 hours and 45 minutes.', ""turn 2: What's on my calendar for the team sync? It's listed as entry 23. -> Event 23: Team Sync at 10:00\xa0AM today in Room 12."", ""turn 3: Schedule an alarm at 1:23 PM every Monday, Wednesday, and Friday named 'Stand-up meeting'. -> Alarm set for alarm_id: alarm_no7 - 1:23 PM: Stand-up meeting, repeats on Monday, Wednesday, Friday.""]"	What is the status of that timer?	What is the status of the 2 hours and 45 minutes timer?	{'plan': 'ACTION_SHOW_TIMERS', 'arguments': {}}	ACTION_SET_TIMER-651-INTENT_ACTION_STILL_IMAGE_CAMERA-1_NR-ACTION_GET_CONTENT-1-ACTION_SHOW_TIMERS-1	1	['ACTION_VIEW_CONTACT', 'ACTION_VIEW_CALL_LOG', 'ACTION_CREATE_DOCUMENT', 'INTENT_ACTION_STILL_IMAGE_CAMERA', 'ACTION_SHOW_TIMERS']	ACTION_SHOW_TIMERS	How much time is left on that timer?	How much time is left on the 2 hours and 45 minutes timer?	How much time is left on taht timer?
"['turn 1: Please launch a countdown timer that runs 0 hours 0 minutes 5 seconds only with no interface display. -> Launching a silent 5-second timer now—no UI will appear.', ""turn 2: I'm trying to see the profile at content://contacts/people/1056. -> content://contacts/people/1056"", 'turn 3: Get content://contacts/people/721 and extract their email. -> Found it—the email is samantha.lee@contacts.net.']"	Show the timers I have running silently.	Show the timers I have running silently (including the silent 5-second timer).	{'plan': 'ACTION_SHOW_TIMERS', 'arguments': {}}	ACTION_SET_TIMER-644-ACTION_SHOW_TIMERS-1-ACTION_SET_TIMER-1-ACTION_SHOW_TIMERS-1	1	['ACTION_PICK', 'get_contact_info_from_uri', 'ACTION_SHOW_TIMERS', 'search_location', 'ACTION_VIEW_PLAYLIST']	ACTION_SHOW_TIMERS	Could you show me all my currently running silent timers?	Could you show me all my currently running silent timers?	Could you show me all my currently running slient timers?
"['turn 1: I want a zero hours fifty-five minutes timer, please. -> 55-minute timer started.', ""turn 2: Web search for the lyrics of 'Bohemian Rhapsody' by Queen. -> Search results for 'lyrics of 'Bohemian Rhapsody' by Queen': Full song lyrics, annotations, and interpretations from reliable lyric databases."", ""turn 3: Create a calendar entry for 'Board Meeting' on November 8, 2024, 9:30 AM to 12:00 PM at Headquarters, details: 'Quarterly board review'. -> Done! ‘Board Meeting’ (Quarterly board review) is set for November 8, 2024, 9:30\xa0AM–12:00\xa0PM at Headquarters. View it here: content://calendar/event/3""]"	Show me that timer	Show me the 55-minute timer	{'plan': 'ACTION_SHOW_TIMERS', 'arguments': {}}	ACTION_SET_TIMER-620-ACTION_SHOW_TIMERS-1-ACTION_SET_TIMER-1-ACTION_SHOW_TIMERS-1	1	['ACTION_NAVIGATE_TO_LOCATION', 'ACTION_EDIT_CONTACT', 'ACTION_VIEW_SENT_EMAILS', 'ACTION_SHOW_TIMERS', 'send_message']	ACTION_SHOW_TIMERS	Could you show me that timer?	Could you show me the 55-minute timer?	Could you show me that tider?
"['turn 1: Set a 0 min 10 sec countdown. -> All set! A 10-second countdown has started.', 'turn 2: Save Carlos Mendoza; tel: 333-222-1111; address is 789 Vinegar Hill Rd. -> Carlos Mendoza has been saved to your contacts: content://contacts/people/carlos_mendoza', ""turn 3: Please modify content://contacts/people/michael_s with name Michael Scott, company Dunder Mifflin, email michael@dundermifflin.com, and address '1725 Slough Ave'. -> Michael Scott’s contact updated with new details—company Dunder Mifflin, email michael@dundermifflin.com, address 1725 Slough Ave. (content://contacts/people/michael_s)""]"	Show me that new countdown.	Show me the new 10-second countdown.	{'plan': 'ACTION_SHOW_TIMERS', 'arguments': {}}	ACTION_SET_TIMER-639-ACTION_SHOW_TIMERS-1-ACTION_SET_TIMER-1-ACTION_SHOW_TIMERS-1	1	['ACTION_SHOW_TIMERS', 'web_search', 'ACTION_OPEN_DOCUMENT', 'ACTION_NAVIGATE_TO_LOCATION', 'ACTION_IMAGE_CAPTURE']	ACTION_SHOW_TIMERS	Can you show me the new countdown?	Can you show me the 10-second countdown?	Can you show me the knew countdown?
['turn 1: Set a 2 hours 0 minutes 0 seconds timer named Focus Session. -> Your Focus Session timer for 2 hours has been scheduled.', 'turn 2: Ring up IT support at ext. 102. -> Placing a call to extension 102...', 'turn 3: Let’s grab a contact phone number swiftly. -> Right away! Displaying phone numbers in your contacts for a quick pick.']	Show that Focus Session timer.	Show the Focus Session timer for 2 hours.	{'plan': 'ACTION_SHOW_TIMERS', 'arguments': {}}	ACTION_SET_TIMER-610-ACTION_SHOW_TIMERS-1-ACTION_SET_TIMER-1-ACTION_SHOW_TIMERS-1	1	['ACTION_INSERT_CONTACT', 'play_music', 'play_video', 'ACTION_SHOW_TIMERS', 'ACTION_VIEW_CONTACT']	ACTION_SHOW_TIMERS	Show me the Focus Session timer.	Shoe me the Focus Session timer for 2 hours.	Shoe me the Focus Session timer.
"['turn 1: Could you ring Beijing office +86 10 8888 6666? -> Calling the Beijing office at +86 10 8888 6666...', 'turn 2: Chart a path to Van Gogh Museum, Amsterdam. -> Routing you to Van Gogh Museum, Amsterdam. Navigation is active.', ""turn 3: Send a short note to tutor@education.edu saying 'Thank you for the guidance this semester.' -> Thank you note sent to tutor@education.edu.""]"	View my call history	View the device's call history	{'plan': 'ACTION_VIEW_CALL_LOG', 'arguments': {}}	dial-942-ACTION_SHOW_TIMERS-1_NR-ACTION_SET_TIMER-1-ACTION_VIEW_CALL_LOG-1	1	['send_message', 'ACTION_VIEW_CALL_LOG', 'ACTION_VIEW_SENT_EMAILS', 'get_contact_info_from_uri', 'ACTION_CREATE_DOCUMENT']	ACTION_VIEW_CALL_LOG	Show me my call history	Show me the device’s call history	Show me my call histroy
"['turn 1: Dial +1 (202) 555-0187 to reach the DC office. -> Connecting to +1 (202) 555-0187...', 'turn 2: I need a fresh wake‑up tone, show me all my ringtone options. -> Selected wake-up ringtone: content://media/internal/audio/media/45', ""turn 3: Bring me the device's camera to snap a photo. -> Camera ready—go ahead and take that shot!""]"	List recent calls for me	List the device's recent calls	{'plan': 'ACTION_VIEW_CALL_LOG', 'arguments': {}}	dial-966-ACTION_VIEW_CALL_LOG-1-ACTION_INSERT_CONTACT-1-ACTION_VIEW_CALL_LOG-1	1	['ACTION_OPEN_DOCUMENT', 'ACTION_EDIT_CONTACT', 'ACTION_EDIT_ALARM', 'ACTION_VIEW_WEB_HISTORY', 'ACTION_VIEW_CALL_LOG']	ACTION_VIEW_CALL_LOG	Show me my recent calls	View recent calls	Show me my recnt calls
['turn 1: Ping the operator at 212-555-0000. -> Placing a call to 212-555-0000...', 'turn 2: Insert Sarah Connor with phone 610-555-1212, email sarah.connor@resistance.net. -> Sarah Connor’s contact entry is live! content://contacts/people/sarah_connor', 'turn 3: Can I select a few PDFs for review? -> Sure thing—please pick the PDF files you’d like to review.']	Show me my call history after that operator ping.	Show me my call history after the call to 212-555-0000.	{'plan': 'ACTION_VIEW_CALL_LOG', 'arguments': {}}	dial-957-ACTION_VIEW_CALL_LOG-1-ACTION_INSERT_CONTACT-1-ACTION_VIEW_CALL_LOG-1	1	['get_contact_info', 'ACTION_INSERT_CONTACT', 'ACTION_VIEW_CALL_LOG', 'ACTION_VIEW_SENT_EMAILS', 'ACTION_NAVIGATE_TO_LOCATION']	ACTION_VIEW_CALL_LOG	Could you show me my call history since I pinged the operator?	Could you show me my call story since I pinged 212-555-0000?	Could you show me my call story since I pinged the operator?
"['turn 1: I want to dial +358 9 123 4567, Helsinki office. -> Dialing +358 9 123 4567...', 'turn 2: Plan to use the electronic beats file: content://storage/emulated/0/Music/electronic_beats.ogg -> All set—""electronic_beats.ogg"" is now your ringtone.', 'turn 3: Can you put a countdown of 2 hours and 5 seconds? -> Your 2-hour and 5-second countdown is now active.']"	Check my missed and outgoing calls	Check the device's missed and outgoing call log entries	{'plan': 'ACTION_VIEW_CALL_LOG', 'arguments': {}}	dial-963-ACTION_VIEW_CALL_LOG-1-INTENT_ACTION_VIDEO_CAMERA-1_NR-ACTION_VIEW_CALL_LOG-1	1	['ACTION_GET_CONTENT', 'ACTION_NAVIGATE_TO_LOCATION', 'get_contact_info_from_uri', 'ACTION_OPEN_DOCUMENT', 'ACTION_VIEW_CALL_LOG']	ACTION_VIEW_CALL_LOG	Could you show me my missed and outgoing calls?	Show my device’s screen and the call log.	Could you show me my mist and outgoing calls?
"['turn 1: Phone the helpline on 777-8888. -> Calling 777-8888...', ""turn 2: Send to +1-808-555-0167: 'Surf's up! Catch you at the beach at 5?' -> Surf invite sent to +18085550167."", ""turn 3: I'd like to inspect the reminder saved as event 301. -> Event 301: Project Deadline Reminder on October 1 at 9:00\xa0AM.""]"	Show my call log to check that helpline call.	Show my call log to check the call to 777-8888.	{'plan': 'ACTION_VIEW_CALL_LOG', 'arguments': {}}	dial-925-ACTION_INSERT_CONTACT-1-ACTION_VIEW_CONTACT-1-ACTION_VIEW_CALL_LOG-1	1	['INTENT_ACTION_STILL_IMAGE_CAMERA', 'ACTION_VIEW_CALL_LOG', 'ACTION_VIEW_SENT_EMAILS', 'ACTION_SHOW_TIMERS', 'ACTION_EDIT_VIDEO']	ACTION_VIEW_CALL_LOG	Show me my call log so I can verify the helpline call.	Show me my call log so I can verify the call to 777-8888.	Show me my call lok so I can verify the helpline call.
"[""turn 1: Can you retrieve the email address of the contact for this URI: content://contacts/people/23? -> Sure thing—I've pulled up the email for that contact. It’s jane.doe23@example.com."", 'turn 2: I need a calendar entry on May 1, 2024 at 9:00 AM for an annual check-up with Dr. Smith at the Downtown Clinic. -> All set: ""Doctor Appointment"" is scheduled for May 1, 2024 at 9:00\xa0AM at Downtown Clinic. Check it here: content://calendar/event/2', 'turn 3: Load up the contact info at content://contacts/people/1037. -> Contact info for content://contacts/people/1037 is now displayed.']"	Show me the full contact card	Show me the full contact card for content://contacts/people/23	{'plan': 'ACTION_VIEW_CONTACT', 'arguments': {'contact_uri': 'content://contacts/people/23'}}	get_contact_info-968-send_email-1-INTENT_ACTION_STILL_IMAGE_CAMERA-1_NR-ACTION_VIEW_CONTACT-1	1	['send_email', 'ACTION_OPEN_CONTENT', 'ACTION_PICK', 'ACTION_VIEW_CONTACT', 'ACTION_SHOW_TIMERS']	ACTION_VIEW_CONTACT	Could you pull up the full contact card, please?	Could you pull up the contact card for content://contacts/people/1037, please?	Could you pull up the contact card, please?
"['turn 1: Add Lucas Wright to my address book with phone: 321-654-0987 and home address: 456 Maple Street. -> Creating Lucas Wright’s contact: phone 321‑654‑0987 and address 456 Maple Street are filled in.', ""turn 2: Message to +44-20-7946-0018: 'System maintenance starts at midnight.' -> Your message has been delivered to +442079460018."", 'turn 3: Select a PowerPoint presentation. -> Okay, please choose a PowerPoint presentation file.']"	View his details	View content://contacts/people/lucaswright details	{'plan': 'ACTION_VIEW_CONTACT', 'arguments': {'contact_uri': 'content://contacts/people/lucaswright'}}	ACTION_INSERT_CONTACT-392-dial-1-ACTION_INSERT_CONTACT-1-ACTION_VIEW_CONTACT-1	1	['ACTION_VIEW_CONTACT', 'ACTION_GET_RINGTONE', 'dial', 'get_contact_info', 'ACTION_VIEW_WEB_HISTORY']	ACTION_VIEW_CONTACT	Show me Lucas Wright’s contact details.	Show me content://contacts/people/lucas_wright contact details.	Show me Lucas right’s contact details.
"['turn 1: I need the postal address for the client whose URI is content://com.company.contacts/contact/789. -> Got it. The mailing address on file is 456 Corporate Blvd, Suite 100, Business City, CA 90001.', ""turn 2: Please schedule 'Web Development Class' on May 5, 2024 from 5 PM to 7 PM at Tech Hub classroom. -> Web Development Class on May\xa05,\xa02024 from 5:00\xa0PM to 7:00\xa0PM at Tech Hub classroom has been added to your calendar. Event URI: content://calendar/event/1"", 'turn 3: Please photograph this scenery and save it at content://com.myapp/photos/trip_pic1.jpg -> Here we go—camera is open. I’ll store the shot at content://com.myapp/photos/trip_pic1.jpg.']"	Display that contact's details	Display details for content://com.company.contacts/contact/789	{'plan': 'ACTION_VIEW_CONTACT', 'arguments': {'contact_uri': 'content://com.company.contacts/contact/789'}}	get_contact_info-969-ACTION_EDIT_CONTACT-1-search_location-1-ACTION_VIEW_CONTACT-1	1	['ACTION_OPEN_DOCUMENT', 'play_music', 'ACTION_VIEW_CONTACT', 'send_message', 'ACTION_NAVIGATE_TO_LOCATION']	ACTION_VIEW_CONTACT	Could you show me the details for that contact?	Could you show me the details for the contact with URI content://com.company.contacts/contact/789?	Could you show me the detials for that contact?
"['turn 1: Provide me the address details of contact content://contacts/people/333. -> Sure thing! The address for content://contacts/people/333 is 123 Maple Street, Springfield, IL 62704.', ""turn 2: Forward the log file at file:///error.log to devops@infra.com with the body 'Please review the attached error log for troubleshooting.' -> Error log sent to devops@infra.com successfully."", 'turn 3: Retrieve the primary phone number for content://contacts/people/67. -> Primary phone for contact 67 is 718‑555‑0123.']"	Show me that contact	Show me content://contacts/people/333	{'plan': 'ACTION_VIEW_CONTACT', 'arguments': {'contact_uri': 'content://contacts/people/333'}}	get_contact_info-1008-get_contact_info-1_NR-ACTION_VIEW_CONTACT-1-ACTION_VIEW_CONTACT-1	1	['ACTION_INSERT_CONTACT', 'ACTION_VIEW_CONTACT', 'ACTION_VIDEO_CAPTURE', 'get_contact_info', 'ACTION_VIEW_PLAYLIST']	ACTION_VIEW_CONTACT	Please show me the details for that contact.	Please show me the details for content://contacts/people/4	Please show me the details four that contact.
"[""turn 1: Revise content://contacts/people/maria_g's contact: her name should become Maria Gonzalez, and phone 654-3210. -> Editing Maria Gonzalez (content://contacts/people/maria_g): setting name to Maria Gonzalez and phone to 654-3210. Opening editor now."", 'turn 2: Open PDF survey form at content://forms/survey.pdf (application/pdf). -> Survey form PDF loaded from content://forms/survey.pdf.', ""turn 3: I'd like to swap my default alarm tone; show me the picker. -> Sure thing—here’s the default alarm tone picker.""]"	Show me her updated contact info.	Show me the updated contact info for content://contacts/people/maria_g.	{'plan': 'ACTION_VIEW_CONTACT', 'arguments': {'contact_uri': 'content://contacts/people/maria_g'}}	ACTION_EDIT_CONTACT-94-INTENT_ACTION_VIDEO_CAMERA-1_NR-ACTION_OPEN_DOCUMENT-1_NR-ACTION_VIEW_CONTACT-1	1	['open_settings', 'web_search', 'ACTION_NAVIGATE_TO_LOCATION', 'ACTION_VIEW_CONTACT', 'ACTION_SET_RINGTONE']	ACTION_VIEW_CONTACT	Can you show me her updated contact information?	Can you show me content://contacts/people/maria_g updated contact information?	Can you show me her updated contat information?
"['turn 1: Could you schedule a one-hour brainstorming session for next Tuesday at 2 pm in Zoom Room A titled \'Project Alpha Brainstorm\' with description \'Initial idea generation for Project Alpha\'? -> Great! ""Project Alpha Brainstorm"" is on your calendar for April 16, 2024 at 2:00\xa0PM in Zoom Room A. Here\'s the event link: content://calendar/event/1', ""turn 2: Insert 'Run Club' event every Wednesday? Actually, just this week: April 17, 2024, 6:15 AM to 7:15 AM at Lakeside Park, desc: Interval training. -> All set! 'Run Club' is on your calendar for April 17, 2024 from 6:15\xa0AM to 7:15\xa0AM at Lakeside Park (Interval training). View it here: content://calendar/event/1"", ""turn 3: Could you please show me the details for the contact content://contacts/people/1002? -> Pulling up Maria Garcia's profile for URI content://contacts/people/1002:\nPhone: 555-0102\nEmail: maria.garcia@example.com""]"	Display that event for me.	Display the event content://calendar/event/1 for me	{'plan': 'ACTION_VIEW_EVENT', 'arguments': {'event_uri': 'content://calendar/event/1'}}	ACTION_INSERT_EVENT-436-send_email-1-INTENT_ACTION_VIDEO_CAMERA-1_NR-ACTION_VIEW_EVENT-1	1	['ACTION_VIEW_EVENT', 'ACTION_OPEN_CONTENT', 'dial', 'ACTION_EDIT_DOCUMENT', 'ACTION_VIEW_SENT_MESSAGES']	ACTION_VIEW_EVENT	Could you show me that event?	Could you show me the details for content://calendar/event/1?	Could you show me taht event?
"[""turn 1: Book 'Photography Class' on October 10, 2024 from 9 AM–12 PM at Downtown Studio. Description: Portrait techniques. -> Photography Class (Portrait techniques) booked for October\xa010,\xa02024, 9:00\xa0AM–12:00\xa0PM at Downtown Studio. Event URI: content://calendar/event/6"", 'turn 2: Set my destination as the Golden Gate Bridge. -> Directions are on the way! Navigation started to Golden Gate Bridge.', 'turn 3: I need to configure the APN for my carrier—open the APN settings. -> APN settings are displayed. You can configure your carrier details now.']"	Could you display that Photography Class booking?	Display the 'Photography Class' event content://calendar/event/6	{'plan': 'ACTION_VIEW_EVENT', 'arguments': {'event_uri': 'content://calendar/event/6'}}	ACTION_INSERT_EVENT-481-ACTION_VIEW_EVENT-1-INTENT_ACTION_VIDEO_CAMERA-1_NR-ACTION_VIEW_EVENT-1	1	['ACTION_SET_RINGTONE', 'INTENT_ACTION_VIDEO_CAMERA', 'ACTION_SHOW_TIMERS', 'ACTION_VIEW_EVENT', 'ACTION_PICK']	ACTION_VIEW_EVENT	Could you show me the booking details for the 'Photography Class'?	Could you show me the booking details for the 'Photography Class' event content://calendar/event/6	Could you show me the booking details four the 'Photography Class'?
"[""turn 1: I need an event 'Dentist Check-Up' on August 1, 2024 at 11:00 AM at Smile Dental Clinic. Description: Routine cleaning. -> Your “Dentist Check-Up” on August 1, 2024 at 11:00\xa0AM at Smile Dental Clinic has been added. Check it out: content://calendar/event/4"", ""turn 2: Add George Washington to my phone with the note 'First President of USA'. -> Success! George Washington is now in your contacts with the note “First President of USA.” See it at: content://contacts/people/george_washington"", 'turn 3: Open an audio track. -> Here’s the audio track you selected: content://media/audio/track1.mp3']"	Open the details of that Dentist Check-Up appointment.	Open the details of the Dentist Check-Up appointment content://calendar/event/4	{'plan': 'ACTION_VIEW_EVENT', 'arguments': {'event_uri': 'content://calendar/event/4'}}	ACTION_INSERT_EVENT-459-ACTION_VIEW_EVENT-1-launch_application-1_NR-ACTION_VIEW_EVENT-1	1	['open_settings', 'ACTION_VIEW_EVENT', 'ACTION_EDIT_DOCUMENT', 'ACTION_VIEW_SENT_MESSAGES', 'ACTION_VIDEO_CAPTURE']	ACTION_VIEW_EVENT	Open the details for my Dentist Check-Up appointment.	Open the details for my event content://calendar/event/4	Open the details for my Denitst Check-Up appointment.
"[""turn 1: Schedule a study session 'Physics Group' on July 3, 2024 from 6pm to 8pm, location: Science Building room 5. -> Your 'Physics Group' study session is booked for July 3, 2024, 6:00\xa0PM–8:00\xa0PM in Science Building room\xa05. View it at content://calendar/event/1006"", 'turn 2: I want to schedule a Marketing Workshop on October 20, 2024, 2-4 PM, Room 301, for team training on new marketing strategies. -> Great news! The Marketing Workshop is set for October 20, 2024, from 2:00\xa0PM to 4:00\xa0PM at Room\xa0301. You can view it here: content://calendar/event/101', 'turn 3: Open the recent tasks list. -> Recent apps: Chrome; YouTube; Maps; Messages']"	Open that session's details.	Open the details of event content://calendar/event/1006	{'plan': 'ACTION_VIEW_EVENT', 'arguments': {'event_uri': 'content://calendar/event/1006'}}	ACTION_INSERT_EVENT-471-INTENT_ACTION_STILL_IMAGE_CAMERA-1_NR-ACTION_IMAGE_CAPTURE-1-ACTION_VIEW_EVENT-1	1	['ACTION_VIEW_EVENT', 'INTENT_ACTION_VIDEO_CAMERA', 'send_email', 'ACTION_OPEN_DOCUMENT', 'ACTION_SET_TIMER']	ACTION_VIEW_EVENT	Could you open the details of the Physics Group study session?	Could you open the details of the Physics Group study session content://calendar/event/1006?	Could you open the details of the Physics Group sudy session?
"['turn 1: I need a calendar entry on May 1, 2024 at 9:00 AM for an annual check-up with Dr. Smith at the Downtown Clinic. -> All set: ""Doctor Appointment"" is scheduled for May 1, 2024 at 9:00\xa0AM at Downtown Clinic. Check it here: content://calendar/event/2', 'turn 2: Place a call to +7 (495) 123-4567, Moscow office. -> Connecting to +7 (495) 123-4567...', 'turn 3: Bring up content://documents/doc/630 so I can edit it. -> Document content://documents/doc/630 is now open and ready for your edits.']"	Show me that appointment event.	Show me content://calendar/event/2	{'plan': 'ACTION_VIEW_EVENT', 'arguments': {'event_uri': 'content://calendar/event/2'}}	ACTION_INSERT_EVENT-437-search_location-1-ACTION_NAVIGATE_TO_LOCATION-1-ACTION_VIEW_EVENT-1	1	['INTENT_ACTION_VIDEO_CAMERA', 'play_video', 'ACTION_SET_TIMER', 'ACTION_VIEW_EVENT', 'ACTION_GET_RINGTONE']	ACTION_VIEW_EVENT	Could you show me the appointment event?	Could you show me the appointment event content://calendar/event/2?	Could you shoe me the appointment event?
"[""turn 1: I'd like to listen to 'Hotel California' by The Eagles on Apple Music tonight. Could you play it? -> Tuning into Hotel California by The Eagles on Apple Music."", 'turn 2: Open the location services screen so I can enable GPS. -> Location services settings are now open.', 'turn 3: Add Elsa Muller (052) phone, email elsa@frozenland.com, address 1 Ice Palace Blvd. -> Elsa\xa0Muller has been saved with phone, email, and address: content://contacts/people/elsa_muller']"	What songs are in this playlist?	View playlist 'Hotel California'	{'plan': 'ACTION_VIEW_PLAYLIST', 'arguments': {'playlist_name': 'Hotel California'}}	play_music-1353-ACTION_OPEN_DOCUMENT-1_NR-ACTION_CREATE_DOCUMENT-1-ACTION_VIEW_PLAYLIST-2	1	['ACTION_VIEW_PLAYLIST', 'ACTION_NAVIGATE_TO_LOCATION', 'open_settings', 'ACTION_PICK', 'ACTION_VIEW_EVENT']	ACTION_VIEW_PLAYLIST	What songs are in the 'Hotel California' playlist?	View playlist 'Hotel California'	What songs are in the 'Hotel Californa' playlist?
"['turn 1: Please start playing on the default player. -> Alright, launching your default music player now.', 'turn 2: I want one Word document to proofread. -> Please pick a Word document for proofreading.', ""turn 3: I need Jean-Luc Picard's contact saved: picard@starfleet.com. -> Jean‑Luc Picard’s contact has been created: content://contacts/people/jean_luc_picard""]"	List the songs in this playlist.	View playlist 'default playlist'	{'plan': 'ACTION_VIEW_PLAYLIST', 'arguments': {'playlist_name': 'default playlist'}}	play_music-1401-ACTION_SHOW_TIMERS-1_NR-ACTION_SHOW_TIMERS-1_NR-ACTION_VIEW_PLAYLIST-2	1	['send_message', 'ACTION_OPEN_DOCUMENT', 'ACTION_VIEW_PLAYLIST', 'ACTION_CREATE_DOCUMENT', 'get_contact_info_from_uri']	ACTION_VIEW_PLAYLIST	Could you list the songs in the default playlist?	View playlist “Default Playlist”	Could you list the songs in the defualt playlist?
"[""turn 1: Cue up Billie Holiday's 'Strange Fruit'. -> All set! Now playing 'Strange Fruit' by Billie Holiday."", ""turn 2: Kindly email subscribe@newsletter.com with subject 'Please subscribe me' and no body. -> Subscription request sent to subscribe@newsletter.com with the subject 'Please subscribe me'."", 'turn 3: I want to upload an MP3 audio file from cloud storage. -> Select an MP3 audio file from your cloud storage.']"	What songs are in that playlist?	View playlist 'Strange Fruit'	{'plan': 'ACTION_VIEW_PLAYLIST', 'arguments': {'playlist_name': 'Strange Fruit'}}	play_music-1361-ACTION_VIEW_PLAYLIST-1-play_music-1-ACTION_VIEW_PLAYLIST-1	1	['INTENT_ACTION_STILL_IMAGE_CAMERA', 'play_music', 'send_email', 'ACTION_VIEW_PLAYLIST', 'ACTION_INSERT_EVENT']	ACTION_VIEW_PLAYLIST	Can you show me which songs are in this playlist?	View playlist 'Strange Fruit'	Can you show me witch songs are in this playlist?
"[""turn 1: Open Apple Music and play 'Shape of You'. -> Starting 'Shape of You' on Apple Music for you."", 'turn 2: Fetch several Word files, both .doc and .docx. -> Choose one or more Word files (.doc, .docx) to fetch.', ""turn 3: Create an OpenDocument spreadsheet called sheet.ods. -> Spreadsheet 'sheet.ods' is good to go. Access it now at content://documents/sheet.ods""]"	Show me the tracks in this playlist.	View playlist 'Shape of You'	{'plan': 'ACTION_VIEW_PLAYLIST', 'arguments': {'playlist_name': 'Shape of You'}}	play_music-1369-INTENT_ACTION_STILL_IMAGE_CAMERA-1_NR-ACTION_GET_CONTENT-1-ACTION_VIEW_PLAYLIST-3	1	['ACTION_VIEW_PLAYLIST', 'open_settings', 'ACTION_SHOW_TIMERS', 'ACTION_VIEW_CALL_LOG', 'ACTION_GET_CONTENT']	ACTION_VIEW_PLAYLIST	Show me the tracks in the 'Shape of You' playlist.	View playlist 'Shape of You'	Show me the trax in the 'Shape of You' playlist.
"[""turn 1: I'd like to listen to 'Hotel California' by The Eagles on Apple Music tonight. Could you play it? -> Tuning into Hotel California by The Eagles on Apple Music."", ""turn 2: Plan a study group session called 'Math Review' next Friday at 4 PM to 6 PM in Library Room B. -> Great! I've added 'Math Review' to your calendar for next Friday, 4:00\xa0PM–6:00\xa0PM at Library Room B. You can view it here: content://calendar/event/1001"", 'turn 3: I need to review what I sent before; list my outgoing mails. -> Outgoing mails:\n- ben@enterprise.com: “Annual Review”\n- claire@consulting.net: “Project Scope”\n- daniel@health.org: “Wellness Program”']"	Show me the current playlist's songs.	View playlist 'Hotel California'	{'plan': 'ACTION_VIEW_PLAYLIST', 'arguments': {'playlist_name': 'Hotel California'}}	play_music-1353-ACTION_OPEN_DOCUMENT-1_NR-send_email-1-ACTION_VIEW_PLAYLIST-1	1	['ACTION_VIEW_CALL_LOG', 'ACTION_EDIT_DOCUMENT', 'INTENT_ACTION_VIDEO_CAMERA', 'launch_application', 'ACTION_VIEW_PLAYLIST']	ACTION_VIEW_PLAYLIST	What songs are in the current playlist?	View playlist 'Hotel California'	What songs are in the currant playlist?
"['turn 1: Open the YouTube app. -> YouTube opened successfully.', 'turn 2: Expose the recent apps tray for me. -> Recent apps: Twitter; Reddit; News; Podcasts.', ""turn 3: Could you fetch my sent emails? -> Fetched your sent emails: to karen@example.com - 'Team Meeting Minutes'; to liam@example.com - 'Performance Review'""]"	Could you display my recent applications?	View recent apps	{'plan': 'ACTION_VIEW_RECENT_APPS', 'arguments': {}}	launch_application-1457-ACTION_VIEW_RECENT_APPS-1-ACTION_OPEN_DOCUMENT-1_NR-ACTION_VIEW_RECENT_APPS-48	1	['dial', 'launch_application', 'ACTION_VIEW_RECENT_APPS', 'ACTION_SET_TIMER', 'ACTION_SHOW_ALARMS']	ACTION_VIEW_RECENT_APPS	Can you show me my recent apps?	Show recent apps	Can you show me my recnet apps?
['turn 1: Open Instagram, I need to upload a new photo. -> Instagram opened successfully. Time to share your new photo!', 'turn 2: I wish to choose a contact card from my phone to import details. -> Sure thing! Opening your contacts—please tap the contact card you’d like to import.', 'turn 3: Open the Security page; I need to set up a passcode. -> Security settings opened successfully—set up your passcode here.']	What apps are in my recent list?	View recent apps	{'plan': 'ACTION_VIEW_RECENT_APPS', 'arguments': {}}	launch_application-1463-ACTION_VIEW_RECENT_APPS-1-launch_application-1-ACTION_VIEW_RECENT_APPS-47	1	['ACTION_SHOW_TIMERS', 'ACTION_EDIT_DOCUMENT', 'ACTION_VIEW_RECENT_APPS', 'web_search', 'send_email']	ACTION_VIEW_RECENT_APPS	Which apps have I recently used?	View recent apps	Which aps have I recently used?
"['turn 1: Open Microsoft Excel for some spreadsheet work. -> Microsoft Excel launched successfully. You can start editing your sheets.', ""turn 2: Display my previously sent messages. -> Previously sent: to natasha.romanoff@example.com – 'Team Debrief'; to steve.rogers@example.com – 'Mission Update'; to tony.stark@example.com – 'Design Specs'"", 'turn 3: Set alarm for 7 AM with the ringtone uri://alarm_sound_1. -> Alarm alarm_no7 is set for 7:00 AM using your custom ringtone (uri://alarm_sound_1).']"	Show me the apps I've recently accessed.	View recent apps	{'plan': 'ACTION_VIEW_RECENT_APPS', 'arguments': {}}	launch_application-1508-ACTION_VIEW_RECENT_APPS-1-launch_application-1-ACTION_VIEW_RECENT_APPS-33	1	['ACTION_INSERT_CONTACT', 'ACTION_VIEW_RECENT_APPS', 'ACTION_CREATE_DOCUMENT', 'ACTION_SHOW_TIMERS', 'web_search']	ACTION_VIEW_RECENT_APPS	Show me the apps I've used recently.	View recent apps	Show me the apps I've uesd recently.
['turn 1: Open Microsoft Excel for some spreadsheet work. -> Microsoft Excel launched successfully. You can start editing your sheets.', 'turn 2: Open a vector graphic (SVG file). -> Got it. Please select an SVG vector graphic file.', 'turn 3: Open a single HTML file for editing. -> One HTML file ready for editing:\n- content://documents/webpage/index.html']	Please bring up my recent apps.	View recent apps	{'plan': 'ACTION_VIEW_RECENT_APPS', 'arguments': {}}	launch_application-1508-ACTION_VIEW_RECENT_APPS-1-launch_application-1_NR-ACTION_VIEW_RECENT_APPS-6	1	['ACTION_VIEW_RECENT_APPS', 'INTENT_ACTION_VIDEO_CAMERA', 'send_email', 'ACTION_IMAGE_CAPTURE', 'ACTION_VIEW_CALL_LOG']	ACTION_VIEW_RECENT_APPS	Show my recent apps.	View recent apps	Show my recnt apps.
"['turn 1: Launch Microsoft Word, please. -> Microsoft Word is now open and ready for you.', ""turn 2: Email the legal team (legal@lawfirm.com) the signed contract (file:///signed_contract.pdf) with subject 'Signed Contract'. -> Your signed contract has been emailed to legal@lawfirm.com."", 'turn 3: I need to modify the policy document: content://documents/doc/404. No need to add new text yet, just open it. -> Sure thing—opening the policy document at content://documents/doc/404 now for editing.']"	Which apps have I opened recently?	View recent apps	{'plan': 'ACTION_VIEW_RECENT_APPS', 'arguments': {}}	launch_application-1507-ACTION_VIEW_RECENT_APPS-1-INTENT_ACTION_STILL_IMAGE_CAMERA-1_NR-ACTION_VIEW_RECENT_APPS-10	1	['ACTION_VIEW_PLAYLIST', 'ACTION_VIEW_RECENT_APPS', 'ACTION_VIEW_SENT_MESSAGES', 'ACTION_VIEW_EVENT', 'send_email']	ACTION_VIEW_RECENT_APPS	Which apps have I recently opened?	View recent apps	Which apps have I recenly opened?
"[""turn 1: Kindly email subscribe@newsletter.com with subject 'Please subscribe me' and no body. -> Subscription request sent to subscribe@newsletter.com with the subject 'Please subscribe me'."", ""turn 2: Schedule an alarm at 21:21, message 'Evening check', and ringtone uri://evening_tune. -> Evening check alarm alarm_no7 scheduled for 9:21 PM with ringtone uri://evening_tune."", 'turn 3: I have a URI: content://contacts/people/1050. Please open it. -> content://contacts/people/1050']"	Open the sent emails list	Open sent emails	{'plan': 'ACTION_VIEW_SENT_EMAILS', 'arguments': {}}	send_email-1221-ACTION_VIEW_SENT_EMAILS-1-INTENT_ACTION_STILL_IMAGE_CAMERA-1_NR-ACTION_VIEW_SENT_EMAILS-1	1	['ACTION_CREATE_DOCUMENT', 'ACTION_GET_CONTENT', 'open_settings', 'ACTION_VIEW_SENT_EMAILS', 'ACTION_VIEW_EVENT']	ACTION_VIEW_SENT_EMAILS	Show me my sent emails	View sent emails	Show me my sent emials
"[""turn 1: Email alpha.testers@domain.org the onboarding guide (file:///onboarding.pdf) and the policy document (file:///policy.docx). Use subject 'Welcome Pack'. -> Welcome Pack sent to alpha.testers@domain.org with onboarding and policy attachments."", 'turn 2: Retrieve only the phone number from content://contacts/people/999. -> The number for that contact is 310‑555‑1234.', 'turn 3: Show me a snippet of each message I sent recently. -> Outbound messages: Karen – ""Thanks for your help!""; John – ""See you tomorrow.""; Pluto – ""Launch at 0900 hours.""']"	Show the emails I've just sent	View sent emails	{'plan': 'ACTION_VIEW_SENT_EMAILS', 'arguments': {}}	send_email-1222-get_contact_info-1_NR-search_location-1-ACTION_VIEW_SENT_EMAILS-13	1	['play_music', 'ACTION_VIEW_SENT_EMAILS', 'ACTION_VIEW_PLAYLIST', 'ACTION_INSERT_CONTACT', 'send_message']	ACTION_VIEW_SENT_EMAILS	Show me the emails I just sent	View emails	Show me the emais I just sent
"[""turn 1: I want to dispatch an email to contact@vendor.org with subject 'RFQ Submission' and attach file:///rfq.docx and file:///pricing.xlsx. -> RFQ Submission email sent to contact@vendor.org with both RFQ and pricing files attached."", 'turn 2: I need to pick a sound for my next alarm—let me browse my ringtones. -> Let’s browse your ringtones—opening the picker for your next alarm tone.', 'turn 3: Give me the list of texts I sent yesterday. -> Yesterday’s sent messages: Alice – ""Happy Birthday!""; Bob +1-202-555-0147 – ""Working from home tomorrow""; Mom +82-3512-0000 – ""Call me when you\'re free""; John – ""Did you finish the draft?""']"	Let me review my sent emails	Review sent emails	{'plan': 'ACTION_VIEW_SENT_EMAILS', 'arguments': {}}	send_email-1225-ACTION_OPEN_DOCUMENT-1_NR-ACTION_CREATE_DOCUMENT-1-ACTION_VIEW_SENT_EMAILS-1	1	['play_music', 'ACTION_VIEW_PLAYLIST', 'ACTION_VIEW_SENT_EMAILS', 'INTENT_ACTION_STILL_IMAGE_CAMERA', 'ACTION_SET_ALARM']	ACTION_VIEW_SENT_EMAILS	Show me my sent emails	View sent emails	Show me my scent emails
"['turn 1: Forward the chain mail file:///chain.eml to friend@domain.com. -> Chain mail forwarded to friend@domain.com with your attachment.', 'turn 2: Could you identify the exact spot of Christ the Redeemer in Rio de Janeiro? -> Christ the Redeemer is located at Rua das Paineiras, 276, Cosme Velho – Rio de Janeiro, 22241‑330, Brazil.', 'turn 3: Show me the most recent outgoing text threads. -> Latest sent messages: Alice – ""Happy Birthday!""; Bob +1-202-555-0147 – ""Meeting rescheduled to 3pm""; Mom +82-3512-0000 – ""I\'m on my way""; John – ""Don\'t forget the report.""']"	Can you display my sent mail folder?	Display sent emails.	{'plan': 'ACTION_VIEW_SENT_EMAILS', 'arguments': {}}	send_email-1238-INTENT_ACTION_VIDEO_CAMERA-1_NR-ACTION_VIDEO_CAPTURE-1-ACTION_VIEW_SENT_EMAILS-1	1	['ACTION_SET_ALARM', 'search_location', 'ACTION_OPEN_DOCUMENT', 'ACTION_VIEW_SENT_EMAILS', 'send_email']	ACTION_VIEW_SENT_EMAILS	Could you show me my Sent Mail folder?	View sent emails	Could you show me my Sent Male folder?
"[""turn 1: Hey, get this to jane_smith@website.com — the screenshot is at file:///screenshot.png, message body: 'See the issue highlighted in the attached image'. -> Sent to jane_smith@website.com with your screenshot and note about the issue."", 'turn 2: Scan and show my call logs. -> Scanning call logs produced: Alice +1-302-3782 (Incoming) - Today 3:10 PM; Carol +44-20-7946-0958 (Missed) - Today 4:05 PM; Dave +1-415-555-2671 (Outgoing) - Yesterday 10:20 AM', 'turn 3: Generate an SVG icon file named icon.svg. -> SVG icon generated successfully. You can edit it here: content://documents/icon.svg']"	Bring up my sent messages.	View sent emails	{'plan': 'ACTION_VIEW_SENT_EMAILS', 'arguments': {}}	send_email-1223-get_contact_info-1_NR-dial-1-ACTION_VIEW_SENT_EMAILS-3	1	['ACTION_NAVIGATE_TO_LOCATION', 'ACTION_VIEW_PLAYLIST', 'ACTION_VIEW_SENT_EMAILS', 'ACTION_VIEW_CALL_LOG', 'ACTION_OPEN_CONTENT']	ACTION_VIEW_SENT_EMAILS	Show my sent messages.	View sent messages	Show my sent mesages.
"[""turn 1: Send a quick reminder to John at +15551234567 saying 'Don't forget the meeting at 3pm today.' -> Your reminder has been sent to +15551234567."", 'turn 2: Open a single HTML file for editing. -> One HTML file ready for editing:\n- content://documents/webpage/index.html', 'turn 3: I want to see my recently used programs. -> Here’s your recent programs lineup: Chrome; YouTube; Maps; Messages.']"	Show the reminder I just messaged him.	Show the reminder I just messaged John at +15551234567.	{'plan': 'ACTION_VIEW_SENT_MESSAGES', 'arguments': {}}	send_message-1241-send_email-1-ACTION_VIEW_SENT_EMAILS-1-ACTION_VIEW_SENT_MESSAGES-1	1	['ACTION_SET_TIMER', 'ACTION_VIEW_SENT_MESSAGES', 'ACTION_OPEN_DOCUMENT', 'ACTION_VIDEO_CAPTURE', 'ACTION_SET_RINGTONE']	ACTION_VIEW_SENT_MESSAGES	Show me the reminder I just sent to John.	Show me the reminder I just sent to John at +15551234567 saying 'Don't forget the meeting at 3pm today.'	Show me the reminder I just scent to John.
"['turn 1: Please deliver the PDF report (https://reports.example.com/q1.pdf) to CFO at +49 151 76543210. -> Successfully sent the PDF report to +4915176543210.', ""turn 2: Schedule an exam 'Finals' on December 18, 2024 from 9 AM – 12 PM at Main Exam Hall, description: End‑of‑term examinations. -> Done! 'Finals' is now on your calendar for December 18, 2024, 9:00\xa0AM–12:00\xa0PM at Main Exam Hall (End‑of‑term examinations). See it here: content://calendar/event/4"", 'turn 3: Please mute the audio in content://lectures/talk.mp4. -> All set—muting audio on content://lectures/talk.mp4.']"	Please display my sent messages including that PDF report to the CFO.	Please display my sent messages including the PDF report (https://reports.example.com/q1.pdf) sent to CFO at +49 151 76543210.	{'plan': 'ACTION_VIEW_SENT_MESSAGES', 'arguments': {}}	send_message-1282-ACTION_VIEW_SENT_MESSAGES-1-ACTION_PICK-1_NR-ACTION_VIEW_SENT_MESSAGES-1	1	['ACTION_SET_TIMER', 'launch_application', 'ACTION_EDIT_ALARM', 'ACTION_VIEW_PLAYLIST', 'ACTION_VIEW_SENT_MESSAGES']	ACTION_VIEW_SENT_MESSAGES	Please show me my sent messages, including the one where I sent the PDF report to the CFO.	Please show me my sent messages, including the one where I sent the PDF report to the CFO at +49 151 76543210.	Please show me my sent messages, includng the one where I sent the PDF report to the CFO.
"[""turn 1: Text my colleague with ID 7890 the message 'Project deadline extended to next Monday. Check your email for details.' Use their contact +1 (800) 555-0000. -> Project update delivered to +18005550000."", 'turn 2: Bring up all active timers. -> You currently have 2 timers going: 15 minutes - Meeting, 4 minutes - Coffee brew.', 'turn 3: Start a blank Markdown file called README.md, please. -> Here’s your new Markdown file: content://documents/README.md.']"	List the messages I just sent to my colleague.	List the messages I just sent to my colleague with ID 7890 at +1 (800) 555-0000.	{'plan': 'ACTION_VIEW_SENT_MESSAGES', 'arguments': {}}	send_message-1245-dial-1-ACTION_INSERT_CONTACT-1-ACTION_VIEW_SENT_MESSAGES-1	1	['send_email', 'play_video', 'ACTION_VIDEO_CAPTURE', 'ACTION_VIEW_SENT_MESSAGES', 'ACTION_EDIT_DOCUMENT']	ACTION_VIEW_SENT_MESSAGES	Can you show me the messages I just sent to my colleague?	Can you show me the messages I just sent to my colleague with ID 7890 at +1 (800) 555-0000?	Can you show me the mesages I just sent to my colleague?
"[""turn 1: Message my neighbor at +44 7312 345678: 'Could you feed my cat while I'm away?' -> Request sent to your neighbor at +447312345678."", 'turn 2: List my alarm entries. -> All right, pulling up your alarms:\n[alarm_id: 1 - 7:00 AM, Morning Standup, alarm_id: 2 - 10:00 AM, Doctor Appointment, alarm_id: 3 - 3:00 PM, Tea Break, alarm_id: 4 - 9:00 PM, Lights Out]', ""turn 3: Reveal the apps I've recently tapped into. -> Recent apps: TikTok; Snapchat; Messages; Music""]"	Show the request I just sent to my neighbor.	Show the request I just sent to my neighbor at +44 7312 345678.	{'plan': 'ACTION_VIEW_SENT_MESSAGES', 'arguments': {}}	send_message-1287-get_contact_info-1_NR-open_settings-1_NR-ACTION_VIEW_SENT_MESSAGES-1	1	['ACTION_EDIT_ALARM', 'ACTION_VIEW_CALL_LOG', 'send_email', 'ACTION_VIEW_SENT_MESSAGES', 'ACTION_GET_CONTENT']	ACTION_VIEW_SENT_MESSAGES	Show me the request I just sent to my neighbor.	Show me the request I just sent to my neighbor at +44 7312 345678.	Show me the request I just scent to my neighbor.
"[""turn 1: Find high-resolution images of the surface of Mars. -> Search results for 'high-resolution images of Mars surface': NASA and ESA image galleries offering detailed Martian terrain photographs."", 'turn 2: Please locate the headquarters of the United Nations in New York. -> United Nations Headquarters: 405 E 42nd St, New York, NY 10017, USA.', 'turn 3: Call the front desk at +81-3-1234-5678. -> Calling +81-3-1234-5678 now...']"	What sites have I visited lately?	What sites have I visited lately in my web browsing history?	{'plan': 'ACTION_VIEW_WEB_HISTORY', 'arguments': {}}	web_search-1343-ACTION_VIEW_WEB_HISTORY-1-web_search-1-ACTION_VIEW_WEB_HISTORY-1	1	['ACTION_VIEW_SENT_EMAILS', 'web_search', 'ACTION_VIEW_WEB_HISTORY', 'ACTION_OPEN_CONTENT', 'ACTION_VIEW_RECENT_APPS']	ACTION_VIEW_WEB_HISTORY	Which websites have I visited recently?	View web browsing history	Which webistes have I visited recently?
"[""turn 1: Average rental prices in Manhattan as of December 2023. -> Looking up 'average rental prices in Manhattan December 2023'... Preview: Studios around $3,000/mo, one-bedrooms $4,200, two-bedrooms $5,500 on average."", 'turn 2: Could you pull up airplane mode configuration? -> Airplane mode configuration is now open.', 'turn 3: Set my destination as the Golden Gate Bridge. -> Directions are on the way! Navigation started to Golden Gate Bridge.']"	Show my browsing history	Show web browsing history	{'plan': 'ACTION_VIEW_WEB_HISTORY', 'arguments': {}}	web_search-1332-INTENT_ACTION_VIDEO_CAMERA-1_NR-ACTION_GET_CONTENT-1-ACTION_VIEW_WEB_HISTORY-1	1	['ACTION_EDIT_VIDEO', 'ACTION_VIEW_PLAYLIST', 'ACTION_VIEW_WEB_HISTORY', 'ACTION_INSERT_CONTACT', 'ACTION_EDIT_ALARM']	ACTION_VIEW_WEB_HISTORY	Could you show me my browsing history?	View web browsing history	Could you show me my browsing histroy?
"[""turn 1: How many calories are in one medium avocado? -> Search results for 'calories in one medium avocado': Nutrition facts showing roughly 230–250 calories per medium avocado."", 'turn 2: Please choose an Excel file to view the data. -> Please select a single Excel (.xls) file to view its data.', 'turn 3: Hey, please update the address and email for Frank (URI: content://contacts/people/frank). Address: 55 Maple Ave, Boston. Email: frank@maple.com -> Alright, opening Frank’s contact. You can fill in the address 55 Maple Ave, Boston and email frank@maple.com.']"	Show me my browsing history.	View web browsing history	{'plan': 'ACTION_VIEW_WEB_HISTORY', 'arguments': {}}	web_search-1345-ACTION_VIEW_WEB_HISTORY-1-web_search-1-ACTION_VIEW_WEB_HISTORY-33	1	['ACTION_VIEW_WEB_HISTORY', 'INTENT_ACTION_VIDEO_CAMERA', 'ACTION_EDIT_DOCUMENT', 'get_contact_info', 'ACTION_VIEW_CALL_LOG']	ACTION_VIEW_WEB_HISTORY	Can you show me my browsing history?	View web browsing history	Can you show me my browsing histroy?
"[""turn 1: What's the legal drinking age in Germany? -> Searching 'legal drinking age in Germany'... Quick insight: 16 for beer and wine, 18 for spirits and hard liquors."", 'turn 2: Fetch my alarm list. -> Fetched alarms list: [alarm_id: 1 - 5:30 AM, Prayer, alarm_id: 2 - 6:15 AM, Yoga, alarm_id: 3 - 7:45 AM, Office Call, alarm_id: 4 - 3:00 PM, Tea Time, alarm_id: 5 - 10:00 PM, Lights Off]', 'turn 3: Please retrieve and display the details of the contact URI content://contacts/people/1007. -> Got it! Viewing content://contacts/people/1007\nName: Sophia Patel\nPhone: 555-0107\nEmail: sophia.patel@example.com']"	Let me see my recent web history	View web browsing history	{'plan': 'ACTION_VIEW_WEB_HISTORY', 'arguments': {}}	web_search-1331-INTENT_ACTION_VIDEO_CAMERA-1_NR-ACTION_VIDEO_CAPTURE-1-ACTION_VIEW_WEB_HISTORY-10	1	['ACTION_VIDEO_CAPTURE', 'ACTION_SET_RINGTONE', 'ACTION_OPEN_DOCUMENT', 'ACTION_VIEW_WEB_HISTORY', 'ACTION_SET_TIMER']	ACTION_VIEW_WEB_HISTORY	Could you show me my recent browsing history?	Could you show me my recent browsing history?	Could you shoe me my recent browsing history?
"[""turn 1: Search for scholarly articles on quantum entanglement published after 2020. -> Search results for 'scholarly articles on quantum entanglement published after 2020': Recent papers, journals, and preprints exploring quantum entanglement developments post-2020."", ""turn 2: Can you create an SVG diagram file called diagram.svg? -> Done creating 'diagram.svg'. You can find it here: content://documents/diagram.svg"", ""turn 3: Please get the trainer's contact number from content://contacts/202/phone_trainer. -> Got it—I've fetched the trainer’s number: +82-10-5566-7788.""]"	Let me see my recent web activity	View web browsing history	{'plan': 'ACTION_VIEW_WEB_HISTORY', 'arguments': {}}	web_search-1300-ACTION_VIEW_WEB_HISTORY-1-web_search-1-ACTION_VIEW_WEB_HISTORY-19	1	['ACTION_NAVIGATE_TO_LOCATION', 'ACTION_CREATE_DOCUMENT', 'ACTION_VIEW_WEB_HISTORY', 'ACTION_VIEW_EVENT', 'INTENT_ACTION_STILL_IMAGE_CAMERA']	ACTION_VIEW_WEB_HISTORY	Show me my recent web activity.	View web browsing history	Show me my recent web actvity.
"[""turn 1: Open up 'Big Band Swing'. -> Opening 'Big Band Swing': In the Mood; Sing, Sing, Sing; Take the A Train."", ""turn 2: Best practices to boost productivity when working remotely. -> Opening search for 'best practices for remote work productivity': You'll see articles on time management, communication tools, and workspace setup."", 'turn 3: Create an event for a New Year\'s Party at Main Hall on December 31, 2024 starting at 10:00 PM and ending at 1:00 AM. -> Cheers! ""New Year\'s Party"" is on for December 31, 2024 at 10:00\xa0PM in Main Hall. Access it here: content://calendar/event/9']"	Play that track on Spotify.	Play 'Take the A Train' on Spotify.	{'plan': 'play_music', 'arguments': {'track': 'Take the A Train', 'app': 'Spotify'}}	ACTION_VIEW_PLAYLIST-2137-play_music-1-ACTION_VIEW_PLAYLIST-1-play_music-1	1	['search_location', 'ACTION_PICK', 'play_music', 'ACTION_SET_TIMER', 'ACTION_VIEW_SENT_MESSAGES']	play_music	Could you play that track on Spotify?	Could you play Take the A Train on Spotify?	Could you play that trak on Spotify?
"[""turn 1: View songs in 'Piano Moods'. -> Playlist 'Piano Moods' loaded. Tracks: Clair de Lune; Nocturne Op.9 No.2; Moonlight Sonata."", 'turn 2: Show available alarm sounds for me to select. -> Alarm sound chosen: content://media/ringtone/tropical_dawn.mp3', 'turn 3: Pop up all timers now active. -> Timers active now: 3 minutes - Desk tidy, 20 minutes - Gaming session, 45 minutes - Podcast.']"	Play that piece	Play Clair de Lune	{'plan': 'play_music', 'arguments': {'track': 'Clair de Lune'}}	ACTION_VIEW_PLAYLIST-2136-play_music-1-ACTION_VIEW_PLAYLIST-1-play_music-1	1	['ACTION_CREATE_DOCUMENT', 'ACTION_SHOW_TIMERS', 'ACTION_VIEW_EVENT', 'play_music', 'ACTION_EDIT_DOCUMENT']	play_music	Play that piece.	Play Clair de Lune.	Play that peace.
"[""turn 1: Could you load the 'Wedding Reception' playlist? -> Playlist 'Wedding Reception': At Last; Marry You; I Gotta Feeling."", 'turn 2: Start recording a movie. -> Starting movie recording—camera app is on standby.', ""turn 3: List every alarm I've set. -> Your alarm schedule: [alarm_id: 1 - 7:20 AM, Morning Run; alarm_id: 2 - 2:00 PM, Grocery Shopping; alarm_id: 3 - 5:00 PM, Pick up Kids; alarm_id: 4 - 8:45 PM, Read Emails]""]"	Play that one please	Play Marry You	{'plan': 'play_music', 'arguments': {'track': 'Marry You'}}	ACTION_VIEW_PLAYLIST-2139-play_music-1-ACTION_SET_RINGTONE-1_NR-play_music-1	1	['ACTION_EDIT_ALARM', 'ACTION_GET_CONTENT', 'play_music', 'ACTION_VIEW_SENT_MESSAGES', 'INTENT_ACTION_STILL_IMAGE_CAMERA']	play_music	Could you play 'Marry You', please?	Could you play 'Marry You'?	Could you paly 'Marry You', please?
"[""turn 1: Please load 'Instrumental Study'. -> Showing 'Instrumental Study' now: Moonlight Sonata; Canon in D; Gymnopédie No.1"", 'turn 2: Find the geographic coordinates of Victoria Falls. -> Victoria Falls is roughly at 17.9244°\xa0S, 25.8567°\xa0E.', 'turn 3: Access and display content://contacts/people/1049. -> content://contacts/people/1049']"	Start playing that first piece.	Start playing Moonlight Sonata.	{'plan': 'play_music', 'arguments': {'track': 'Moonlight Sonata'}}	ACTION_VIEW_PLAYLIST-2157-play_music-1-ACTION_VIEW_PLAYLIST-1-play_music-1	1	['ACTION_SHOW_ALARMS', 'play_music', 'get_contact_info', 'launch_application', 'send_email']	play_music	Please play the first piece.	Please play Moonlight Sonata.	Please play the first peace.
"[""turn 1: Would you please display my Late Night Jazz playlist? -> Sure — 'Late Night Jazz' includes: So What; Take Five; Blue in Green; My Funny Valentine; Round Midnight."", 'turn 2: Check which alarms are currently programmed. -> Your current alarms are: [alarm_id: 1 - 6:30 AM, Morning Jog, alarm_id: 2 - 7:00 AM, Breakfast, alarm_id: 3 - 8:00 AM, Team Meeting, alarm_id: 4 - 1:00 PM, Lunch Break]', ""turn 3: Give me the president's direct line at content://contacts/444/data/phone_direct. -> President’s direct line: 202-555-0147.""]"	Play that track, please.	Play My Funny Valentine, please.	{'plan': 'play_music', 'arguments': {'track': 'My Funny Valentine'}}	ACTION_VIEW_PLAYLIST-2107-play_music-1-ACTION_VIEW_PLAYLIST-1-play_music-1	1	['ACTION_SET_TIMER', 'ACTION_CREATE_DOCUMENT', 'ACTION_PICK', 'dial', 'play_music']	play_music	Could you play that track, please?	Could you play Blue in Green, please?	Could you ply that track, please?
"['turn 1: Please load content://games/trailer.mp4 and silence it. -> Your game trailer (content://games/trailer.mp4) is loaded and muted—ready for any further edits.', ""turn 2: What's the street address of the Sydney Opera House? -> The Sydney Opera House is at Bennelong Point, Sydney NSW 2000, Australia."", 'turn 3: Provide a complete summary of contact content://contacts/people/1618. -> Contact summary:\n• ID: 1618\n• Name: Robert Brown\n• Phone: 555-1618\n• Email: rbrown1618@example.org\n• Address: 1618 Elm St, Gotham, NY 10018']"	Play that muted trailer	Play content://games/trailer.mp4	{'plan': 'play_video', 'arguments': {'video_uri': 'content://games/trailer.mp4'}}	ACTION_EDIT_VIDEO-1717-get_contact_info_from_uri-1_NR-INTENT_ACTION_VIDEO_CAMERA-1_NR-play_video-2	1	['play_video', 'ACTION_VIEW_EVENT', 'dial', 'ACTION_GET_CONTENT', 'ACTION_SET_ALARM']	play_video	Play the muted game trailer.	Play content://games/trailer.mp4.	Play the mooted game trailer.
['turn 1: Silence the track for content://news/report.mp4. -> News report video (content://news/report.mp4) is now muted and ready.', 'turn 2: Insert Albert Einstein, email albert@princeton.edu, address 112 Mercer St, birthday March 14, 1879. -> Contact Albert Einstein has been created successfully! You can view it at content://contacts/people/albert_einstein', 'turn 3: Call the front desk at +81-3-1234-5678. -> Calling +81-3-1234-5678 now...']	Play that muted news report.	Play content://news/report.mp4	{'plan': 'play_video', 'arguments': {'video_uri': 'content://news/report.mp4'}}	ACTION_EDIT_VIDEO-1722-INTENT_ACTION_VIDEO_CAMERA-1_NR-ACTION_VIDEO_CAPTURE-1-play_video-1	1	['ACTION_VIEW_PLAYLIST', 'ACTION_CREATE_DOCUMENT', 'ACTION_EDIT_VIDEO', 'play_video', 'ACTION_VIEW_SENT_EMAILS']	play_video	Play the muted news report.	Play content://news/report.mp4	Play the mute news report.
"['turn 1: Open content://videos/sample.mov for me. -> Opening content://videos/sample.mov in the editor—let me know what tweaks you’d like.', 'turn 2: Could you forward me the annual report at file:///annual_report.pdf to cfo@enterprise.com? -> Annual report forwarded to cfo@enterprise.com successfully.', ""turn 3: Could you check my web history? -> Web history: Facebook (feed); LinkedIn (profile 'Jane Doe'); Indeed (job listing 'Software Engineer'); Glassdoor (company 'OpenAI' reviews); Stack Overflow (question 'JavaScript closures')""]"	Play that video	Play content://videos/sample.mov	{'plan': 'play_video', 'arguments': {'video_uri': 'content://videos/sample.mov'}}	ACTION_EDIT_VIDEO-1720-ACTION_PICK-1_NR-ACTION_OPEN_DOCUMENT-1_NR-play_video-2	1	['play_video', 'ACTION_EDIT_VIDEO', 'send_email', 'ACTION_SET_TIMER', 'ACTION_PICK']	play_video	Could you play that video for me?	Could you play content://videos/sample.mov for me?	Could you play that video four me?
"['turn 1: Cut content://tutorials/design.mp4 so that it ends at 2:30. -> All done! design.mp4 now finishes at 2:30. Here’s your trimmed file: content://media/edited_video_002.mp4. Would you like to preview it?', 'turn 2: I need a calendar entry on May 1, 2024 at 9:00 AM for an annual check-up with Dr. Smith at the Downtown Clinic. -> All set: ""Doctor Appointment"" is scheduled for May 1, 2024 at 9:00\xa0AM at Downtown Clinic. Check it here: content://calendar/event/2', 'turn 3: Edit content://documents/doc/621. -> Document content://documents/doc/621 is now open—ready for your changes.']"	Play that edited tutorial clip	Play content://media/edited_video_002.mp4	{'plan': 'play_video', 'arguments': {'video_uri': 'content://media/edited_video_002.mp4'}}	ACTION_EDIT_VIDEO-1727-INTENT_ACTION_STILL_IMAGE_CAMERA-1_NR-ACTION_GET_CONTENT-1-play_video-2	1	['ACTION_OPEN_DOCUMENT', 'play_video', 'ACTION_EDIT_ALARM', 'ACTION_EDIT_DOCUMENT', 'ACTION_CREATE_DOCUMENT']	play_video	Please play the edited tutorial clip.	Please play content://media/edited_video_002.mp4.	Please play the edited tuorial clip.
"['turn 1: Open content://videos/sample.mov for me. -> Opening content://videos/sample.mov in the editor—let me know what tweaks you’d like.', ""turn 2: Fetch my sent mail archive. -> Fetched sent mail: to maya@example.com - 'Team Meeting Minutes'; to nora@example.com - 'Project Timeline'; to oscar@example.com - 'Follow-up'."", 'turn 3: I want to update Mia’s full name in her contact content://contacts/people/mia_s to Mia Johnson. -> Mia’s contact has been renamed to Mia Johnson successfully.']"	Can you play that sample video?	Play content://videos/sample.mov	{'plan': 'play_video', 'arguments': {'video_uri': 'content://videos/sample.mov'}}	ACTION_EDIT_VIDEO-1720-play_video-1-INTENT_ACTION_STILL_IMAGE_CAMERA-1_NR-play_video-1	1	['play_video', 'ACTION_EDIT_VIDEO', 'launch_application', 'ACTION_EDIT_CONTACT', 'ACTION_VIEW_SENT_MESSAGES']	play_video	Could you play the sample video for me?	Could you play content://videos/sample.mov for me?	Could you play the smaple video for me?
"[""turn 1: Hey, let's fix Natalie Reed's phone and address in content://contacts/people/natalie_r. New phone: 555-0001, address: 123 Oak Lane. -> Got it! Opening the contact editor for Natalie Reed (URI: content://contacts/people/natalie_r) with phone 555-0001 and address 123 Oak Lane."", 'turn 2: Access the phone’s camera for video capture. -> Video camera is now open.', 'turn 3: I\'d like to plan a movie night at Grand Cinema on October 10, 2024 beginning at 8 PM until 11 PM to watch the new sci-fi film with friends. -> All right! ""Movie Night"" is scheduled for October 10, 2024 from 8:00\xa0PM to 11:00\xa0PM at Grand Cinema. See it here: content://calendar/event/7']"	Can you locate that address on the map?	Can you locate 123 Oak Lane on the map?	{'plan': 'search_location', 'arguments': {'query': '123 Oak Lane'}}	ACTION_EDIT_CONTACT-89-INTENT_ACTION_STILL_IMAGE_CAMERA-1_NR-ACTION_IMAGE_CAPTURE-1-search_location-1	1	['ACTION_GET_RINGTONE', 'ACTION_SET_ALARM', 'ACTION_NAVIGATE_TO_LOCATION', 'play_music', 'search_location']	search_location	Could you show me where that address is on the map?	Could you show me 123 Oak Lane on the map?	Could you show me ware that address is on the map?
['turn 1: Using URI content://contacts/people/2023 could you pull the mailing address? -> Certainly—the mailing address is 2023 Cedar Court, Hill Valley, CA 95420.', 'turn 2: Call the reception at extension 7890. -> Placing a call to extension 7890...', 'turn 3: Could you provide the phone number for content://org.addressbook/entries/39? -> You can reach them at +1 (310) 555-7890.']	Locate that address	Locate 2023 Cedar Court, Hill Valley, CA 95420	{'plan': 'search_location', 'arguments': {'query': '2023 Cedar Court, Hill Valley, CA 95420'}}	get_contact_info-977-ACTION_VIEW_CONTACT-1-search_location-1-search_location-1	1	['ACTION_VIDEO_CAPTURE', 'get_contact_info_from_uri', 'search_location', 'ACTION_GET_RINGTONE', 'INTENT_ACTION_STILL_IMAGE_CAMERA']	search_location	Can you locate that address for me?	Can you locate 2023 Cedar Court, Hill Valley, CA 95420 for me?	Can you locate that addess for me?
"[""turn 1: Could you plan a 'Volunteer Day' on September 1, 2024, 8AM – 2PM at Community Center? Set description: Beach cleanup drive. -> Event 'Volunteer Day' scheduled for September 1, 2024, 8:00\xa0AM–2:00\xa0PM at Community Center (Beach cleanup drive). Details at content://calendar/event/1008"", ""turn 2: Can you shoot a quick message to my brother at 1234567890 saying: 'Pick up some groceries on your way home?' -> Grocery reminder sent to 1234567890."", 'turn 3: Fetch my sent folder items. -> Items in Sent Folder:\n– maya@example.com: “UX Feedback”\n– noah@example.org: “Budget Approval”\n– olivia@company.com: “Contract Renewal”']"	What's the address of that Community Center?	What's the address of the Community Center?	{'plan': 'search_location', 'arguments': {'query': 'Community Center'}}	ACTION_INSERT_EVENT-473-get_contact_info-1_NR-dial-1-search_location-1	1	['send_message', 'ACTION_VIEW_PLAYLIST', 'get_contact_info', 'search_location', 'ACTION_EDIT_CONTACT']	search_location	What’s the address of the Community Center?	What’s the address of the Community Center?	What’s the adress of the Community Center?
"[""turn 1: Hey, let's fix Natalie Reed's phone and address in content://contacts/people/natalie_r. New phone: 555-0001, address: 123 Oak Lane. -> Got it! Opening the contact editor for Natalie Reed (URI: content://contacts/people/natalie_r) with phone 555-0001 and address 123 Oak Lane."", ""turn 2: Let professor at +61-447-555-890 know 'I've uploaded the assignment on the portal.' -> Your assignment upload notice has been sent to +61447555890."", 'turn 3: Open Keynote presentation content://slides/product.key with MIME application/vnd.apple.keynote -> Keynote presentation launched from content://slides/product.key.']"	Where is that address on the map?	Where is 123 Oak Lane on the map?	{'plan': 'search_location', 'arguments': {'query': '123 Oak Lane'}}	ACTION_EDIT_CONTACT-89-INTENT_ACTION_STILL_IMAGE_CAMERA-1_NR-ACTION_GET_CONTENT-1-search_location-2	1	['play_video', 'get_contact_info', 'dial', 'open_settings', 'search_location']	search_location	Can you show me where that address is on the map?	Can you show me where 123 Oak Lane is on the map?	Can you show me where that addres is on the map?
"['turn 1: Schedule \'Thanksgiving Dinner\' on November 22, 2024 from 11:00 AM to 1:00 PM at Mom\'s House for a family gathering. -> Your ""Thanksgiving Dinner"" is confirmed for November 22, 2024 at 11:00\xa0AM at Mom’s House. Tap here for details: content://calendar/event/8', 'turn 2: Let me see all SMSs and MMSs I\'ve sent. -> Sent messages: Mom – ""I\'ll be there soon""; Alice – ""Happy Birthday!""; 123-456-7890 – ""Can we reschedule our call?""', ""turn 3: Can you create a Flash file named animation.swf? -> Animation file 'animation.swf' is set up. Download from content://documents/animation.swf""]"	Where is it exactly?	Where is Mom’s House exactly?	{'plan': 'search_location', 'arguments': {'query': 'Mom’s House'}}	ACTION_INSERT_EVENT-443-ACTION_VIEW_EVENT-1-ACTION_NAVIGATE_TO_LOCATION-1-search_location-1	1	['send_message', 'search_location', 'INTENT_ACTION_VIDEO_CAMERA', 'ACTION_SET_RINGTONE', 'ACTION_EDIT_ALARM']	search_location	Where is the event located exactly?	Where is Mom’s House located exactly?	Where is the event located exacty?
