conversation_history	query	rewrited_query	answer	unique_idx	candidates
"['turn 1: Please load content://games/trailer.mp4 and silence it. -> Your game trailer (content://games/trailer.mp4) is loaded and muted—ready for any further edits.', 'turn 2: Using the given URI contact://office/extension-155, retrieve the contact extension number. -> Extension number fetched: 155.', ""turn 3: Please enable video mode so I can capture a live event using my phone's camera. -> Video camera opened. You can start filming the live event now."", 'turn 4: Choose the live event recordings I captured. -> Here are your live event recordings:\n• content://temp/live_event1.mp4\n• content://temp/live_event2.mp4']"	Create a new text document named LiveEventsList.txt listing them.	Create a new text document named LiveEventsList.txt listing content://temp/live_event1.mp4 and content://temp/live_event2.mp4.	{'plan': 'ACTION_CREATE_DOCUMENT', 'arguments': {'mime_type': 'text/plain', 'initial_name': 'LiveEventsList.txt'}}	ACTION_EDIT_VIDEO-1717-get_contact_info_from_uri-1_NR-INTENT_ACTION_VIDEO_CAMERA-1_NR-ACTION_GET_CONTENT-1-ACTION_CREATE_DOCUMENT-1	['send_email', 'ACTION_EDIT_CONTACT', 'ACTION_VIEW_SENT_EMAILS', 'ACTION_EDIT_VIDEO', 'ACTION_CREATE_DOCUMENT']
['turn 1: Search for 500 Terry Francois Boulevard, San Francisco, CA. -> Got it: 500 Terry Francois Blvd, San Francisco, CA 94158, USA.', 'turn 2: Guide me to 500 Terry Francois Blvd, San Francisco, CA 94158, USA. -> Navigation is now heading to 500 Terry Francois Blvd, San Francisco, CA 94158, USA.', 'turn 3: I want to record my surroundings. Open the video recording application, please. -> Video recorder opened—go ahead and capture your surroundings.', 'turn 4: Select all the recent surroundings videos. -> Got them! Your recent surroundings clips are ready:\n- content://storage/videos/surrounding1.mp4\n- content://storage/videos/surrounding2.mp4\n- content://storage/videos/surrounding3.mp4']	Create a new PDF document named SurroundingsVideos.pdf to save them.	Create a new PDF document named SurroundingsVideos.pdf to save content://storage/videos/surrounding1.mp4, content://storage/videos/surrounding2.mp4, and content://storage/videos/surrounding3.mp4.	{'plan': 'ACTION_CREATE_DOCUMENT', 'arguments': {'mime_type': 'application/pdf', 'initial_name': 'SurroundingsVideos.pdf'}}	search_location-1138-ACTION_NAVIGATE_TO_LOCATION-1-INTENT_ACTION_VIDEO_CAMERA-1_NR-ACTION_GET_CONTENT-1-ACTION_CREATE_DOCUMENT-1	['ACTION_VIEW_RECENT_APPS', 'ACTION_EDIT_VIDEO', 'ACTION_INSERT_EVENT', 'ACTION_CREATE_DOCUMENT', 'ACTION_INSERT_CONTACT']
"['turn 1: Please fetch all my recent phone call activities. -> Fetched your recent phone call activities:\n• Alice +1-302-3782 (Missed) - Today 2:45 PM\n• Charlie +1-555-0199 (Incoming) - Today 9:30 AM\n• Mom +1-800-123-4567 (Incoming) - Today 6:00 AM\n• John +44-20-7946-0958 (Outgoing) - Today 11:45 AM\n• Restaurant +1-212-555-0199 (Incoming) - Yesterday 8:30 PM', ""turn 2: Choose a person's address from my set of saved contacts. -> Let’s get that postal address—here are your contacts. Tap the one whose address you need."", 'turn 3: Call John +44-20-7946-0958. -> Connecting you to John at +44-20-7946-0958...', ""turn 4: Save +44-20-7946-0958 international number under John’s Office -> Alright! I've added +44-20-7946-0958 as 'John's Office' to your contacts: content://contacts/people/johns_office.""]"	Add email to it: john.office@example.com.	Add email to content://contacts/people/johns_office: john.office@example.com.	{'plan': 'ACTION_EDIT_CONTACT', 'arguments': {'contact_uri': 'content://contacts/people/johns_office', 'contact_info': {'email': 'john.office@example.com'}}}	ACTION_VIEW_CALL_LOG-1917-ACTION_PICK-1_NR-dial-2-ACTION_INSERT_CONTACT-1-ACTION_EDIT_CONTACT-1	['get_contact_info', 'ACTION_EDIT_CONTACT', 'launch_application', 'play_video', 'ACTION_NAVIGATE_TO_LOCATION']
"[""turn 1: Show me 'Latin Beats'. -> Here's your 'Latin Beats' playlist: Despacito; Bailando; La Camisa Negra."", 'turn 2: Show me the work mobile number at contact://work/mobile/112233. -> Work mobile loaded: +1-202-555-1122.', 'turn 3: Please call +1-202-555-1122 number -> Ringing +1-202-555-1122...', ""turn 4: Add +1-202-555-1122 to my address book -> Your new contact for +1-202-555-1122 is all set. Here's the URI: content://contacts/people/12025551122""]"	Add company 'TechCorp' to it	Add company 'TechCorp' to content://contacts/people/12025551122	{'plan': 'ACTION_EDIT_CONTACT', 'arguments': {'contact_uri': 'content://contacts/people/12025551122', 'contact_info': {'company': 'TechCorp'}}}	ACTION_VIEW_PLAYLIST-2135-get_contact_info_from_uri-1_NR-dial-1-ACTION_INSERT_CONTACT-1-ACTION_EDIT_CONTACT-1	['ACTION_VIEW_CALL_LOG', 'ACTION_VIEW_SENT_MESSAGES', 'ACTION_SET_TIMER', 'search_location', 'ACTION_EDIT_CONTACT']
['turn 1: List the names and numbers of my recent calls. -> Recent calls (names & numbers):\n• Alice: +1-302-3782\n• Charlie: +1-555-0199\n• Mom: +1-800-123-4567\n• Bob: +1-872-1285\n• Delivery: +1-987-654-3210', 'turn 2: Extract the contact number from the URI contact://numbers/3210. -> Sure thing! Retrieved number: +1-987-654-3210.', 'turn 3: Give +1-987-654-3210 a call. -> Calling +1-987-654-3210...', 'turn 4: Create a new contact for +1-987-654-3210 -> New contact added for +1-987-654-3210. You can view it at content://contacts/people/19876543210']	Add address '456 Oak Avenue, Springfield' to it	Add address '456 Oak Avenue, Springfield' to content://contacts/people/19876543210	{'plan': 'ACTION_EDIT_CONTACT', 'arguments': {'contact_uri': 'content://contacts/people/19876543210', 'contact_info': {'address': '456 Oak Avenue, Springfield'}}}	ACTION_VIEW_CALL_LOG-1913-get_contact_info_from_uri-1_NR-dial-1-ACTION_INSERT_CONTACT-1-ACTION_EDIT_CONTACT-1	['get_contact_info', 'ACTION_SET_RINGTONE', 'ACTION_EDIT_CONTACT', 'launch_application', 'get_contact_info_from_uri']
"[""turn 1: Forward the holiday greeting 'Merry Christmas and a Happy New Year!' to +81-90-1234-5678. -> Merry Christmas greeting sent to +81-90-1234-5678."", 'turn 2: Make a call to +81-90-1234-5678 -> Calling +81-90-1234-5678...', ""turn 3: Could you bring up my call log? -> Sure thing—here's your call history: +81-90-1234-5678 (Outgoing) – Today 8:05 PM; Work Admin +1-310-555-9000 (Missed) – Today 4:20 PM; Alice +1-415-555-0199 (Incoming) – Yesterday 2:15 PM"", ""turn 4: Save +81-90-1234-5678 as a new contact International Sales -> Success! 'International Sales' (+81-90-1234-5678) has been saved to your contacts. Entry URI: content://contacts/people/international_sales""]"	Change the name on that to Int'l Sales Team.	Change the name on content://contacts/people/international_sales to Int'l Sales Team.	"{'plan': 'ACTION_EDIT_CONTACT', 'arguments': {'contact_uri': 'content://contacts/people/international_sales', 'contact_info': {'name': ""Int'l Sales Team""}}}"	send_message-1244-dial-1-ACTION_VIEW_CALL_LOG-1-ACTION_INSERT_CONTACT-1-ACTION_EDIT_CONTACT-1	['ACTION_EDIT_CONTACT', 'INTENT_ACTION_VIDEO_CAMERA', 'send_email', 'ACTION_VIEW_WEB_HISTORY', 'ACTION_SET_ALARM']
"[""turn 1: Open up 'Big Band Swing'. -> Opening 'Big Band Swing': In the Mood; Sing, Sing, Sing; Take the A Train."", 'turn 2: I want to retrieve a full contact record from my directory. -> Alright, opening your contacts—please tap on the person whose full record you’d like to retrieve.', 'turn 3: Dial 410-555-1234 -> Now dialing 410-555-1234...', 'turn 4: Create a new contact named Bob Johnson with 410-555-1234 -> Bob Johnson has been added to your contacts. You can view it here: content://contacts/people/bob_johnson.']"	Add email on it. 'bob.johnson@example.com'	Add email on content://contacts/people/bob_johnson. 'bob.johnson@example.com'	{'plan': 'ACTION_EDIT_CONTACT', 'arguments': {'contact_uri': 'content://contacts/people/bob_johnson', 'contact_info': {'email': 'bob.johnson@example.com'}}}	ACTION_VIEW_PLAYLIST-2137-ACTION_PICK-1_NR-dial-1-ACTION_INSERT_CONTACT-1-ACTION_EDIT_CONTACT-1	['search_location', 'ACTION_EDIT_CONTACT', 'ACTION_VIEW_RECENT_APPS', 'ACTION_IMAGE_CAPTURE', 'ACTION_OPEN_CONTENT']
"['turn 1: I want to inspect my current alarms. -> Current alarms set: [alarm_id: 1 - 6:45 AM, Weekday Wake-up; alarm_id: 2 - 7:30 AM, Gym; alarm_id: 3 - 8:00 AM, Standup Meeting; alarm_id: 4 - 5:00 PM, Yoga]', 'turn 2: Enable the camera to operate in still image mode for a photo. -> Still image camera activated. Ready to snap!', ""turn 3: Pick the most recent image from my gallery -> Here's the latest photo you picked: content://temp/recent_image.jpg"", ""turn 4: Save content://temp/recent_image.jpg to a new PDF document named SavedImage.pdf -> Great news! Your new PDF 'SavedImage.pdf' is ready at content://documents/SavedImage.pdf.""]"	Edit that PDF to add a watermark reading 'Confidential'.	Edit content://documents/SavedImage.pdf to add a watermark reading 'Confidential'.	"{'plan': 'ACTION_EDIT_DOCUMENT', 'arguments': {'document_uri': 'content://documents/SavedImage.pdf', 'content': ""Add a watermark reading 'Confidential'""}}"	ACTION_SHOW_ALARMS-694-INTENT_ACTION_STILL_IMAGE_CAMERA-1_NR-ACTION_GET_CONTENT-1-ACTION_CREATE_DOCUMENT-1-ACTION_EDIT_DOCUMENT-1	['ACTION_NAVIGATE_TO_LOCATION', 'ACTION_INSERT_CONTACT', 'send_message', 'get_contact_info', 'ACTION_EDIT_DOCUMENT']
"['turn 1: Please list running timers. -> Active timers: 1 hour - Laundry, 10 minutes - Meditation.', ""turn 2: Set up the phone's photo mode to take a picture. -> Photo mode camera has been opened."", 'turn 3: Open my gallery and select the picture I just snapped. -> Browsing your gallery for the photo you just took... Got it: content://temp/photo123.jpg', 'turn 4: Save content://temp/photo123.jpg as a JPEG named Snapshot.jpg -> Snapshot.jpg created and saved at content://pictures/Snapshot.jpg.']"	Edit it to crop the image to a 16:9 aspect ratio.	Edit content://pictures/Snapshot.jpg to crop the image to a 16:9 aspect ratio.	{'plan': 'ACTION_EDIT_DOCUMENT', 'arguments': {'document_uri': 'content://pictures/Snapshot.jpg', 'content': 'crop the image to a 16:9 aspect ratio'}}	ACTION_SHOW_TIMERS-1881-INTENT_ACTION_STILL_IMAGE_CAMERA-1_NR-ACTION_GET_CONTENT-1-ACTION_CREATE_DOCUMENT-1-ACTION_EDIT_DOCUMENT-1	['ACTION_GET_RINGTONE', 'ACTION_SHOW_TIMERS', 'ACTION_PICK', 'ACTION_EDIT_DOCUMENT', 'ACTION_EDIT_CONTACT']
"['turn 1: Pull up the personal email tied to content://com.android.contacts/contacts/789/data/email_personal. -> Got it! The personal email for that contact is jane.smith@example.com.', 'turn 2: Shoot jane.smith@example.com a quick email now. -> Quick email sent to jane.smith@example.com.', ""turn 3: Initiate the phone's picture-taking mode in still image format. -> Photo capture mode is active."", 'turn 4: Select the recent JPEG I just shot -> JPEG chosen: content://temp/new_image_01.jpeg']"	Trim it to the first 15 seconds	Trim content://temp/new_image_01.jpeg to the first 15 seconds	{'plan': 'ACTION_EDIT_VIDEO', 'arguments': {'video_uri': 'content://temp/new_image_01.jpeg', 'edit_options': {'start_time': 0, 'end_time': 15000}}}	get_contact_info_from_uri-1043-send_email-1-INTENT_ACTION_STILL_IMAGE_CAMERA-1_NR-ACTION_GET_CONTENT-1-ACTION_EDIT_VIDEO-1	['ACTION_VIEW_EVENT', 'ACTION_VIEW_SENT_MESSAGES', 'ACTION_EDIT_VIDEO', 'web_search', 'send_message']
['turn 1: Make a call to 030-1234-5678 now! -> Placing a call to 030-1234-5678...', 'turn 2: What calls have I made and received recently? -> Recent calls: 030-1234-5678 (Outgoing) - Today 2:30 PM; 212-555-0182 (Missed) - Today 1:15 PM; Dad +1-415-555-0198 (Incoming) - Sep 12, 6:45 PM', 'turn 3: Save 212-555-0182 as a new contact named Dentist -> Done. Dentist (212-555-0182) has been added to your address book.', 'turn 4: Place a call to 212-555-0182 now -> Placing a call to 212-555-0182...']	Add it to contacts	Add 212-555-0182 to contacts	{'plan': 'ACTION_INSERT_CONTACT', 'arguments': {'contact_info': {'phone': '212-555-0182'}}}	dial-928-ACTION_VIEW_CALL_LOG-1-ACTION_INSERT_CONTACT-1-dial-1-ACTION_INSERT_CONTACT-1	['ACTION_SHOW_TIMERS', 'ACTION_EDIT_VIDEO', 'ACTION_INSERT_CONTACT', 'ACTION_EDIT_DOCUMENT', 'ACTION_PICK']
['turn 1: Could you pull email info from content://com.company.contacts/contact/432? -> Got it—contact 432’s email is sarah.connors@company.com.', 'turn 2: Open content://com.company.contacts/contact/432 -> Sarah Connors’ info:\nPhone: 555‑210‑9876\nEmail: sarah.connors@company.com\nAddress: 500 Silicon Valley Rd, Palo Alto, CA', 'turn 3: I’d like you to choose a phone number from my contacts. -> Received! Here’s the phone info you wanted: content://contacts/phone/55', 'turn 4: Call content://contacts/phone/55 -> Initiating call to content://contacts/phone/55...']	Store him in my address book	Store content://contacts/phone/55 in my address book	{'plan': 'ACTION_INSERT_CONTACT', 'arguments': {'contact_info': {'uri': 'content://contacts/phone/55'}}}	get_contact_info-1006-ACTION_VIEW_CONTACT-1-ACTION_PICK-1_NR-dial-1-ACTION_INSERT_CONTACT-1	['ACTION_OPEN_DOCUMENT', 'ACTION_INSERT_CONTACT', 'search_location', 'ACTION_VIEW_CALL_LOG', 'INTENT_ACTION_STILL_IMAGE_CAMERA']
['turn 1: Give me a summary of the contact at content://contacts/people/42. -> Here’s what I found:\n• Name: Michael Lee\n• Phone: 555-987-6543\n• Email: michael.lee42@example.com\n• Address: 321 Oak St, Centerville, OH 45459', 'turn 2: Call 555-987-6543 -> Placing a call to 555-987-6543...', 'turn 3: Create new contact from the call to 555-987-6543 with address 321 Oak St, Centerville, OH 45459 -> Starting a new contact: phone 555-987-6543 and address 321 Oak St, Centerville, OH 45459 are pre-filled.', 'turn 4: Show 321 Oak St, Centerville, OH 45459 on a map -> Displaying 321 Oak St, Centerville, OH 45459 on the map now.']	Schedule a house inspection there tomorrow from 3 to 4 PM titled House Inspection with notes to bring a camera	Schedule a house inspection at 321 Oak St, Centerville, OH 45459 tomorrow from 3 to 4 PM titled House Inspection with notes to bring a camera	{'plan': 'ACTION_INSERT_EVENT', 'arguments': {'TITLE': 'House Inspection', 'DESCRIPTION': 'Bring a camera', 'EVENT_LOCATION': '321 Oak St, Centerville, OH 45459', 'BEGIN_TIME': 1700700000000, 'END_TIME': 1700703600000}}	get_contact_info-970-dial-1-ACTION_INSERT_CONTACT-1-search_location-1-ACTION_INSERT_EVENT-1	['search_location', 'dial', 'play_music', 'ACTION_INSERT_EVENT', 'ACTION_GET_RINGTONE']
"[""turn 1: Send a quick reminder to John at +15551234567 saying 'Don't forget the meeting at 3pm today.' -> Your reminder has been sent to +15551234567."", 'turn 2: Give +15551234567 a quick call -> Initiating call to +15551234567...', 'turn 3: Create a new contact with +15551234567 -> Initiating contact setup: +15551234567 is entered.', 'turn 4: Find +15551234567\'s address using the map app -> Opening map search for ""+15551234567"" now.']"	Schedule lunch with them next Wednesday from 12 to 1 PM titled Lunch Meeting with notes to discuss progress	Schedule lunch with +15551234567 next Wednesday from 12 to 1 PM titled Lunch Meeting with notes to discuss progress	{'plan': 'ACTION_INSERT_EVENT', 'arguments': {'TITLE': 'Lunch Meeting', 'DESCRIPTION': 'Discuss progress', 'BEGIN_TIME': 1700959200000, 'END_TIME': 1700962800000}}	send_message-1241-dial-1-ACTION_INSERT_CONTACT-1-search_location-1-ACTION_INSERT_EVENT-1	['ACTION_INSERT_EVENT', 'send_email', 'ACTION_VIEW_WEB_HISTORY', 'ACTION_OPEN_CONTENT', 'ACTION_VIDEO_CAPTURE']
"[""turn 1: Please change Kate's phone from 9876543210 to 0123456789 at content://contacts/people/kate_l. -> Done! Kate’s phone number has been updated to 0123456789."", 'turn 2: Open content://contacts/people/kate_l contact’s info. -> All set—here’s Kate L.’s contact info (content://contacts/people/kate_l).', 'turn 3: Add 123 Elm Street, Springfield to Kate L.’s contact info (content://contacts/people/kate_l) -> Success! Added “123 Elm Street, Springfield” to Kate L.’s contact. Updated URI: content://contacts/people/kate_l', 'turn 4: Find 123 Elm Street, Springfield on a map. -> Pin’s in place at 123 Elm Street, Springfield. Take a look!']"	Navigate me there now.	Navigate me to 123 Elm Street, Springfield now.	{'plan': 'ACTION_NAVIGATE_TO_LOCATION', 'arguments': {'location': '123 Elm Street, Springfield'}}	ACTION_EDIT_CONTACT-67-ACTION_VIEW_CONTACT-1-ACTION_EDIT_CONTACT-1-search_location-1-ACTION_NAVIGATE_TO_LOCATION-1	['ACTION_OPEN_DOCUMENT', 'ACTION_VIEW_SENT_EMAILS', 'ACTION_INSERT_CONTACT', 'INTENT_ACTION_VIDEO_CAMERA', 'ACTION_NAVIGATE_TO_LOCATION']
"['turn 1: Record a short video clip of my surroundings. -> All set—your surroundings clip is saved to content://videos/surroundings_002.mp4.', ""turn 2: Send content://videos/surroundings_002.mp4 to john@example.com with subject 'Surroundings Clip' -> Surroundings clip sent to john@example.com."", ""turn 3: Could you list the messages I've sent? -> Sent emails:\n• to john@example.com - 'Surroundings Clip'"", ""turn 4: Input a calendar event for 'Business Strategy Meeting' intended to review our growth plans at the Main Office Conference Room. It should be scheduled from 1703200000000 to 1703207200000. -> Event 'Business Strategy Meeting' set for December\xa022,\xa02023 at Main Office Conference Room to review growth plans. See it here: content://calendar/event/2005""]"	Navigate me there	Navigate me to Main Office Conference Room	{'plan': 'ACTION_NAVIGATE_TO_LOCATION', 'arguments': {'location': 'Main Office Conference Room'}}	ACTION_VIDEO_CAPTURE-707-send_email-1-ACTION_VIEW_SENT_EMAILS-1-ACTION_INSERT_EVENT-1_NR-ACTION_NAVIGATE_TO_LOCATION-1	['web_search', 'ACTION_IMAGE_CAPTURE', 'ACTION_EDIT_VIDEO', 'send_email', 'ACTION_NAVIGATE_TO_LOCATION']
"['turn 1: Do a quick retrieval of my call logs. -> Recent call logs: Victor +1-702-555-0111 (Incoming) - Today 1:00 PM; Wendy +1-213-555-0144 (Missed) - Today 6:30 AM; Xavier +1-512-555-0162 (Outgoing) - Yesterday 9:10 PM', 'turn 2: I want to select one document that is in text format. Open my document picker. -> No problem—launching the text document picker. Go ahead and pick the file you’d like.', ""turn 3: Email the text document to editor@example.com with subject 'Draft' saying 'Here is the draft for your edits' -> Draft document sent to editor@example.com."", ""turn 4: Please register an event 'Charity Walk' described as a community fundraising activity at Central Park, starting at 1703100000000 and ending at 1703105400000. -> Your 'Charity Walk' community fundraising activity is scheduled for December\xa021,\xa02023 at Central Park. Details here: content://calendar/event/2006""]"	Get directions there	Get directions to Central Park	{'plan': 'ACTION_NAVIGATE_TO_LOCATION', 'arguments': {'location': 'Central Park'}}	ACTION_VIEW_CALL_LOG-1938-ACTION_OPEN_DOCUMENT-1_NR-send_email-1-ACTION_INSERT_EVENT-1_NR-ACTION_NAVIGATE_TO_LOCATION-1	['dial', 'play_video', 'ACTION_EDIT_CONTACT', 'ACTION_NAVIGATE_TO_LOCATION', 'ACTION_OPEN_CONTENT']
"[""turn 1: Alarm 26 should be at 16:35 every Wednesday with 'uri://pop_tune' ringtone. -> Alarm 26 updated to 4:35\xa0PM every Wednesday using the 'uri://pop_tune' ringtone."", 'turn 2: Help me select a mailing address from my saved contacts. -> There you go! Mailing address selected: content://contacts/address/15', 'turn 3: Change content://contacts/address/15 to 456 Elm St and add phone 555-6789 -> All done—address set to “456 Elm St” and phone number 555-6789 added. View it at content://contacts/address/15', 'turn 4: Where is content://contacts/address/15 on the map? -> Location set: 456 Elm St on the map. Let me know if you need anything else.']"	Start navigation there.	Start navigation to 456 Elm St.	{'plan': 'ACTION_NAVIGATE_TO_LOCATION', 'arguments': {'location': '456 Elm St'}}	ACTION_EDIT_ALARM-1660-ACTION_PICK-1_NR-ACTION_EDIT_CONTACT-1-search_location-1-ACTION_NAVIGATE_TO_LOCATION-1	['ACTION_VIEW_RECENT_APPS', 'ACTION_EDIT_ALARM', 'ACTION_SET_RINGTONE', 'ACTION_NAVIGATE_TO_LOCATION', 'dial']
"['turn 1: Display all the alarms present. -> All alarms on file: [alarm_id: 1 - 6:20 AM, Morning Pages; alarm_id: 2 - 6:50 AM, Check News; alarm_id: 3 - 7:30 AM, Dog Walk; alarm_id: 4 - 9:00 AM, Project Discussion]', ""turn 2: Turn off vibration for 'alarm_id: 4 - 9:00 AM, Project Discussion' and shift 'alarm_id: 4 - 9:00 AM, Project Discussion' to 9:15 AM. -> Done! Alarm 4 is now set for 9:15 AM with vibration disabled."", ""turn 3: I'd like to see the SMS number from contact://sms/5551234567. -> Here’s the SMS number you asked for: 5551234567."", 'turn 4: I need to open both text and PDF files, and I want to be able to select multiple documents. -> Opening a combined text and PDF picker—multi-select enabled. You picked: content://storage/docs/meeting_notes.txt; content://storage/docs/presentation.pdf; content://storage/docs/summary.txt.']"	Open the PDF file	Open content://storage/docs/presentation.pdf	{'plan': 'ACTION_OPEN_CONTENT', 'arguments': {'uri': 'content://storage/docs/presentation.pdf', 'mime_type': 'application/pdf'}}	ACTION_SHOW_ALARMS-700-ACTION_EDIT_ALARM-1-get_contact_info_from_uri-1_NR-ACTION_OPEN_DOCUMENT-1_NR-ACTION_OPEN_CONTENT-1	['ACTION_SHOW_ALARMS', 'ACTION_PICK', 'ACTION_OPEN_CONTENT', 'ACTION_VIEW_PLAYLIST', 'ACTION_IMAGE_CAPTURE']
"['turn 1: Can you take me to Uluru, Northern Territory, Australia? -> Route to Uluru, Northern Territory, Australia has been started in Maps.', ""turn 2: Access the still image capture app now. -> Still image capture app opened—you're all set to take photos."", 'turn 3: Pick that newest picture -> Here’s the newest picture you grabbed: content://temp/newest_pic.jpg', 'turn 4: Save content://temp/newest_pic.jpg as NewestPicture.jpg -> NewestPicture.jpg has been saved to content://pictures/NewestPicture.jpg.']"	Open that image now	Open content://pictures/NewestPicture.jpg now	{'plan': 'ACTION_OPEN_CONTENT', 'arguments': {'uri': 'content://pictures/NewestPicture.jpg'}}	ACTION_NAVIGATE_TO_LOCATION-1756-INTENT_ACTION_STILL_IMAGE_CAMERA-1_NR-ACTION_GET_CONTENT-1-ACTION_CREATE_DOCUMENT-1-ACTION_OPEN_CONTENT-1	['ACTION_OPEN_DOCUMENT', 'ACTION_CREATE_DOCUMENT', 'ACTION_OPEN_CONTENT', 'ACTION_VIEW_CALL_LOG', 'ACTION_NAVIGATE_TO_LOCATION']
"['turn 1: Select various file types to include in the package. -> Opening file selector—please pick multiple files of any type.', 'turn 2: If there aren’t any files, create a new PDF document named PackageContents.pdf. -> No files detected. Let’s generate a PDF—pick a folder for “PackageContents.pdf.”', 'turn 3: Help me bring up a file picker to choose multiple plain text documents for review. -> Opening the document picker—please select all the plain text files you’d like to review.', ""turn 4: Create a new plain text document titled ReviewNotes.txt -> Success! Your new text file 'ReviewNotes.txt' is created at content://documents/ReviewNotes.txt.""]"	Can you open it?	Can you open content://documents/ReviewNotes.txt?	{'plan': 'ACTION_OPEN_CONTENT', 'arguments': {'uri': 'content://documents/ReviewNotes.txt'}}	ACTION_GET_CONTENT-200-ACTION_CREATE_DOCUMENT-1-ACTION_OPEN_DOCUMENT-1_NR-ACTION_CREATE_DOCUMENT-1-ACTION_OPEN_CONTENT-1	['get_contact_info_from_uri', 'send_message', 'search_location', 'ACTION_OPEN_CONTENT', 'ACTION_OPEN_DOCUMENT']
"[""turn 1: Open Apple Music and play 'Shape of You'. -> Starting 'Shape of You' on Apple Music for you."", 'turn 2: Show the songs in my Chill Vibes playlist. -> Here’s what’s in your Chill Vibes playlist: Lo‑fi Chill; Sunday Morning; Ocean Drive; Night Owl.', ""turn 3: I'm searching for a text document to open; nothing fancy, just one file will do. -> All right, launching the file chooser—please select the text document you need."", 'turn 4: Let’s create a new text document for me called JournalEntry.txt. -> JournalEntry.txt is all set at content://documents/JournalEntry.txt.']"	Display it	Display content://documents/JournalEntry.txt	{'plan': 'ACTION_OPEN_CONTENT', 'arguments': {'uri': 'content://documents/JournalEntry.txt'}}	play_music-1369-ACTION_VIEW_PLAYLIST-1-ACTION_OPEN_DOCUMENT-1_NR-ACTION_CREATE_DOCUMENT-1-ACTION_OPEN_CONTENT-1	['ACTION_VIEW_SENT_EMAILS', 'send_message', 'play_video', 'ACTION_SET_RINGTONE', 'ACTION_OPEN_CONTENT']
"[""turn 1: Set the device ringtone using the system alarm sound URI: content://com.android.alarms/alarm_sound -> Ringtone successfully changed to 'alarm_sound'."", 'turn 2: Open the ringtone picker -> All right, here’s your pick: content://com.android.alarms/ringtone_melodic.mp3', ""turn 3: Use content://com.android.alarms/ringtone_melodic.mp3 as my ringtone -> All set! Incoming calls will now ring with 'ringtone_melodic.mp3' (content://com.android.alarms/ringtone_melodic.mp3)."", ""turn 4: Actually, I'd like to choose a different ringtone. -> Great pick! You chose 'ringtone_joyful.mp3' (content://com.android.alarms/ringtone_joyful.mp3).""]"	Wake me every Monday at 7:00 AM with it	Wake me every Monday at 7:00 AM with content://com.android.alarms/ringtone_joyful.mp3	{'plan': 'ACTION_SET_ALARM', 'arguments': {'EXTRA_HOUR': 7, 'EXTRA_MINUTES': 0, 'EXTRA_DAYS': ['Monday'], 'EXTRA_RINGTONE': 'content://com.android.alarms/ringtone_joyful.mp3'}}	ACTION_SET_RINGTONE-1579-ACTION_GET_RINGTONE-1-ACTION_SET_RINGTONE-1-ACTION_GET_RINGTONE-1-ACTION_SET_ALARM-1	['ACTION_VIEW_CONTACT', 'ACTION_INSERT_EVENT', 'ACTION_VIEW_SENT_MESSAGES', 'ACTION_SET_ALARM', 'play_music']
['turn 1: Assign content://media/internal/audio/media/21 as the default ringtone -> Ringtone changed successfully.', 'turn 2: Actually, can I choose a different one than content://media/internal/audio/media/21? -> Done! Selected ringtone: content://media/internal/audio/media/22', 'turn 3: Apply content://media/internal/audio/media/22 as the new ringtone -> Your ringtone has been updated to the audio at content://media/internal/audio/media/22.', 'turn 4: Pick another ringtone for me. -> Done, your new ringtone is content://media/internal/audio/media/23.']	Apply it as my default ringtone	Apply content://media/internal/audio/media/23 as my default ringtone	{'plan': 'ACTION_SET_RINGTONE', 'arguments': {'ringtone_uri': 'content://media/internal/audio/media/23'}}	ACTION_SET_RINGTONE-1586-ACTION_GET_RINGTONE-1-ACTION_SET_RINGTONE-1-ACTION_GET_RINGTONE-1-ACTION_SET_RINGTONE-1	['ACTION_SET_RINGTONE', 'ACTION_VIEW_CALL_LOG', 'ACTION_EDIT_DOCUMENT', 'launch_application', 'ACTION_EDIT_VIDEO']
"['turn 1: Modify Jack’s email to jack@newmail.com and address to 42 Wallaby Way, Sydney. Contact: content://contacts/people/jackp. -> All set! Jack’s email is now jack@newmail.com and his address is updated to 42 Wallaby Way, Sydney.', 'turn 2: Show me content://contacts/people/jackp contact details. -> Here’s Jack P.’s full contact view (content://contacts/people/jackp). Let me know if you want any edits.', 'turn 3: Ring 555-123-4567 up -> Placing a call to 555-123-4567...', ""turn 4: Add 555-123-4567 as 'Boss' and include an address '123 Business Rd' -> Boss has been added to your contacts with phone 555-123-4567 and address 123 Business Rd. You can view it here: content://contacts/people/boss""]"	Show its info	Show content://contacts/people/boss info	{'plan': 'ACTION_VIEW_CONTACT', 'arguments': {'contact_uri': 'content://contacts/people/boss'}}	ACTION_EDIT_CONTACT-66-ACTION_VIEW_CONTACT-1-dial-1-ACTION_INSERT_CONTACT-1-ACTION_VIEW_CONTACT-1	['ACTION_EDIT_CONTACT', 'web_search', 'open_settings', 'ACTION_VIEW_CONTACT', 'play_video']
"[""turn 1: Save Robert Langdon: robert.langdon@harvard.edu, address Harvard University, note 'Professor'. -> Robert Langdon saved as Professor. Check at content://contacts/people/robert_langdon"", 'turn 2: Acquire the phone info from the record located at /info/mark. -> Mark’s phone number is 202‑555‑0147.', 'turn 3: Could you call 202‑555‑0147? -> Initiating call to 202-555-0147...', ""turn 4: Add 202‑555‑0147 to my contacts -> I've saved 202‑555‑0147 as a contact. Check it out here: content://contacts/people/2025550147""]"	Show it	Show content://contacts/people/2025550147	{'plan': 'ACTION_VIEW_CONTACT', 'arguments': {'contact_uri': 'content://contacts/people/2025550147'}}	ACTION_INSERT_CONTACT-425-get_contact_info-1_NR-dial-1-ACTION_INSERT_CONTACT-1-ACTION_VIEW_CONTACT-1	['ACTION_PICK', 'search_location', 'ACTION_VIEW_CONTACT', 'ACTION_VIEW_PLAYLIST', 'ACTION_OPEN_DOCUMENT']
"[""turn 1: Show me 'Latin Beats'. -> Here's your 'Latin Beats' playlist: Despacito; Bailando; La Camisa Negra."", 'turn 2: Show me the work mobile number at contact://work/mobile/112233. -> Work mobile loaded: +1-202-555-1122.', 'turn 3: Please call +1-202-555-1122 number -> Ringing +1-202-555-1122...', ""turn 4: Add +1-202-555-1122 to my address book -> Your new contact for +1-202-555-1122 is all set. Here's the URI: content://contacts/people/12025551122""]"	View it	View content://contacts/people/12025551122	{'plan': 'ACTION_VIEW_CONTACT', 'arguments': {'contact_uri': 'content://contacts/people/12025551122'}}	ACTION_VIEW_PLAYLIST-2135-get_contact_info_from_uri-1_NR-dial-1-ACTION_INSERT_CONTACT-1-ACTION_VIEW_CONTACT-1	['ACTION_GET_RINGTONE', 'ACTION_VIEW_CONTACT', 'send_message', 'ACTION_IMAGE_CAPTURE', 'ACTION_EDIT_ALARM']
['turn 1: Display the list of apps opened recently. -> Here’s the list of apps you opened lately: Slack; Zoom; Drive; Docs.', 'turn 2: Open Docs. -> Docs is open and ready for you.', 'turn 3: Bring up Slack; Zoom; Drive; Docs again. -> Here’s your recent apps lineup: Slack; Zoom; Drive; Docs.', 'turn 4: Launch Zoom. -> Zoom app opened. Ready for your meeting.']	Could you list the apps I've used recently excluding it?	Could you list the apps I've used recently excluding Zoom?	{'plan': 'ACTION_VIEW_RECENT_APPS', 'arguments': {}}	ACTION_VIEW_RECENT_APPS-2183-launch_application-1-ACTION_VIEW_RECENT_APPS-1-launch_application-1-ACTION_VIEW_RECENT_APPS-1	['ACTION_PICK', 'ACTION_SET_RINGTONE', 'ACTION_SET_ALARM', 'ACTION_NAVIGATE_TO_LOCATION', 'ACTION_VIEW_RECENT_APPS']
['turn 1: Could you allow me to pick multiple image files to upload? -> You got it—tap on the images you want to upload. Multiple selections are allowed.', 'turn 2: Get contact data from the provided URI: contact://info/supplier. -> Here’s the supplier contact: Global Supplies LLC, +44\xa020\xa07946\xa00958.', 'turn 3: Give +44\xa020\xa07946\xa00958 a call -> Dialing +44\xa020\xa07946\xa00958...', 'turn 4: Add +44\xa020\xa07946\xa00958 to my address book -> Great, +44\xa020\xa07946\xa00958 is in your address book now. Check: content://contacts/people/1009.']	Could you dial it?	Could you dial +44 20 7946 0958?	{'plan': 'dial', 'arguments': {'phone_number': '+44 20 7946 0958'}}	ACTION_GET_CONTENT-198-get_contact_info_from_uri-1_NR-dial-1-ACTION_INSERT_CONTACT-1-dial-1	['dial', 'ACTION_VIEW_CONTACT', 'ACTION_SHOW_TIMERS', 'send_email', 'search_location']
['turn 1: Please show me the details of the calendar event at content://calendar/event/201. -> Quarterly Review set for May 30, 2024 at 4:00 PM, Main Office Conference Room.', 'turn 2: Show me a summary of the contact information for /profile/quentin. -> Contact overview for Quentin Blake:\n• Phone: (212) 555‑0123\n• Email: quentin.blake@creativehub.com\n• Address: 321 Elm Street, New York, NY 10001', 'turn 3: Call (212) 555‑0123 -> Calling (212) 555-0123...', 'turn 4: Create a new contact named Quentin Blake with (212) 555‑0123 -> Contact Quentin Blake has been added! Check it out here: content://contacts/people/quentin_blake']	Place a call to it	Place a call to (212) 555‑0123	{'plan': 'dial', 'arguments': {'phone_number': '(212) 555-0123'}}	ACTION_VIEW_EVENT-1800-get_contact_info-1_NR-dial-1-ACTION_INSERT_CONTACT-1-dial-1	['ACTION_OPEN_CONTENT', 'ACTION_NAVIGATE_TO_LOCATION', 'dial', 'ACTION_VIEW_SENT_EMAILS', 'launch_application']
['turn 1: Phone the helpline on 777-8888. -> Calling 777-8888...', 'turn 2: Save 777-8888 to my address book. -> Contact for 777-8888 saved. (URI: content://contacts/people/7778888)', 'turn 3: Give 777-8888 a call. -> Calling 777-8888 now...', 'turn 4: Create a new contact for 777-8888 -> Contact saved for 777-8888. View it here: content://contacts/people/7778888.']	Call it now	Call 777-8888 now	{'plan': 'dial', 'arguments': {'phone_number': '777-8888'}}	dial-925-ACTION_INSERT_CONTACT-1-dial-1-ACTION_INSERT_CONTACT-1-dial-1	['dial', 'ACTION_EDIT_CONTACT', 'ACTION_VIEW_RECENT_APPS', 'INTENT_ACTION_VIDEO_CAMERA', 'launch_application']
"['turn 1: Could you start a countdown that lasts for one hour without popping up any interface? -> Your 1-hour timer is running without popping up any interface.', 'turn 2: What timers do I have active? -> Active timers: [1 hour – Countdown]', 'turn 3: Add a 30-minute timer for downtime without showing any interface -> Downtime timer for 30 minutes is now running without any interface pop‑up.', ""turn 4: I need a quick selection of a contact's detail. -> Okay, here’s the contact you chose: content://contacts/people/8""]"	Fetch it	Fetch content://contacts/people/8	{'plan': 'get_contact_info_from_uri', 'arguments': {'data_uri': 'content://contacts/people/8'}}	ACTION_SET_TIMER-607-ACTION_SHOW_TIMERS-1-ACTION_SET_TIMER-1-ACTION_PICK-1_NR-get_contact_info_from_uri-1	['ACTION_SET_RINGTONE', 'ACTION_EDIT_ALARM', 'ACTION_VIEW_CALL_LOG', 'get_contact_info_from_uri', 'play_music']
"[""turn 1: Notify tech support (800-273-8255) that 'Printer is jammed on floor three.' -> Sent your jam alert to tech support at 8002738255."", ""turn 2: Engage my camera's still photography function. -> Still photo mode is engaged. Ready when you are."", 'turn 3: Choose the photo I just shot. -> Got your shot—here it is: content://temp/just_captured.jpg', 'turn 4: Trim content://temp/just_captured.jpg between 2 and 12 seconds -> All set! Your trimmed clip is ready at content://temp/just_captured_trim.mp4.']"	Play it	Play content://temp/just_captured_trim.mp4	{'plan': 'play_video', 'arguments': {'video_uri': 'content://temp/just_captured_trim.mp4'}}	send_message-1286-INTENT_ACTION_STILL_IMAGE_CAMERA-1_NR-ACTION_GET_CONTENT-1-ACTION_EDIT_VIDEO-1-play_video-1	['search_location', 'INTENT_ACTION_VIDEO_CAMERA', 'ACTION_INSERT_EVENT', 'get_contact_info_from_uri', 'play_video']
['turn 1: Launch the FLV clip content://videos/tour.flv -> Playing FLV video tour.flv from content://videos/tour.flv.', 'turn 2: Start the video camera app immediately so I can record something. -> Video camera app is up—go ahead and record.', 'turn 3: Choose the video that I just recorded for viewing -> All right—here’s your most recent recording: content://camera/DCIM/VID_20240415_164500.mp4', 'turn 4: Trim content://camera/DCIM/VID_20240415_164500.mp4 to the first 45 seconds. -> Your new 45‑second cut is ready: content://camera/DCIM/VID_20240415_164500_45s.mp4.']	Play the new cut	Play content://camera/DCIM/VID_20240415_164500_45s.mp4	{'plan': 'play_video', 'arguments': {'video_uri': 'content://camera/DCIM/VID_20240415_164500_45s.mp4'}}	ACTION_OPEN_CONTENT-255-INTENT_ACTION_VIDEO_CAMERA-1_NR-ACTION_GET_CONTENT-1-ACTION_EDIT_VIDEO-1-play_video-1	['search_location', 'send_email', 'play_video', 'ACTION_SHOW_ALARMS', 'ACTION_NAVIGATE_TO_LOCATION']
"['turn 1: Provide me the address details of contact content://contacts/people/333. -> Sure thing! The address for content://contacts/people/333 is 123 Maple Street, Springfield, IL 62704.', 'turn 2: What is the complete summary for the contact at /contacts/yolanda? -> Here’s a summary for Yolanda:\nName: Yolanda Martinez\nPhone: +1-312-555-0123\nEmail: yolanda.martinez@domain.com\nAddress: 456 Cedar Lane, Chicago, IL 60607', 'turn 3: Show 456 Cedar Lane, Chicago, IL 60607 on a map -> Opening map to 456 Cedar Lane, Chicago, IL 60607 for you.', ""turn 4: Set a dentist appointment at 456 Cedar Lane, Chicago, IL 60607 on July 15 from 9 AM to 10 AM titled 'Dental Checkup' with the description 'Routine cleaning' -> Your 'Dental Checkup' is booked for July\xa015, 9:00\xa0AM–10:00\xa0AM at 456 Cedar Lane, Chicago, IL\xa060607 (Routine cleaning). Event URI: content://calendar/event/16""]"	Can you show me where it is?	Can you show me where 456 Cedar Lane, Chicago, IL 60607 is?	{'plan': 'search_location', 'arguments': {'query': '456 Cedar Lane, Chicago, IL 60607'}}	get_contact_info-1008-get_contact_info-1_NR-search_location-1-ACTION_INSERT_EVENT-1-search_location-1	['ACTION_VIEW_SENT_EMAILS', 'ACTION_CREATE_DOCUMENT', 'search_location', 'ACTION_GET_CONTENT', 'get_contact_info_from_uri']
['turn 1: Start guidance to Tokyo Tower, Tokyo, Japan. -> Tokyo Tower, Tokyo, Japan: guidance has been activated. Enjoy the trip!', 'turn 2: Please provide a summary of the contact details for /contacts/ursula. -> Here’s Ursula’s contact summary:\nName: Ursula Lee\nPhone: +1-303-555-0119\nEmail: ursula.lee@provider.com\nAddress: 321 Elm Street, Boulder, CO 80302', 'turn 3: Place a call to +1-303-555-0119 -> Now dialing +1-303-555-0119...', 'turn 4: Store +1-303-555-0119 in my contacts -> Done! +1-303-555-0119 is now saved. View it anytime at content://contacts/people/3035550119']	Locate that address in a map app	Locate 321 Elm Street, Boulder, CO 80302 in a map app	{'plan': 'search_location', 'arguments': {'query': '321 Elm Street, Boulder, CO 80302'}}	ACTION_NAVIGATE_TO_LOCATION-1759-get_contact_info-1_NR-dial-1-ACTION_INSERT_CONTACT-1-search_location-1	['ACTION_CREATE_DOCUMENT', 'ACTION_EDIT_VIDEO', 'search_location', 'ACTION_INSERT_CONTACT', 'ACTION_VIEW_RECENT_APPS']
['turn 1: Please obtain the main phone using content://contacts/890/phone_main. -> Main phone number retrieved: +1-202-555-0198.', 'turn 2: Dial +1-202-555-0198. -> Calling +1-202-555-0198 right away...', 'turn 3: Let me see my call history. -> Your call log is ready: +1-202-555-0198 (Outgoing) - Today 12:47 PM; Mom +1-310-555-7890 (Incoming) - Today 10:15 AM; Unknown +1-212-555-0147 (Missed) - Yesterday 9:05 PM', 'turn 4: Save +1-212-555-0147 as a new contact Dr Stevens -> Great news! I’ve saved Dr Stevens (+1-212-555-0147). You can find it at content://contacts/people/dr_stevens']	Locate his address on a map	Locate Dr Stevens's address on a map	"{'plan': 'search_location', 'arguments': {'query': ""Dr Stevens's address""}}"	get_contact_info_from_uri-1044-dial-1-ACTION_VIEW_CALL_LOG-1-ACTION_INSERT_CONTACT-1-search_location-1	['ACTION_NAVIGATE_TO_LOCATION', 'ACTION_SHOW_TIMERS', 'search_location', 'ACTION_OPEN_DOCUMENT', 'INTENT_ACTION_VIDEO_CAMERA']
"[""turn 1: Open Apple Music and play 'Shape of You'. -> Starting 'Shape of You' on Apple Music for you."", 'turn 2: Show the songs in my Chill Vibes playlist. -> Here’s what’s in your Chill Vibes playlist: Lo‑fi Chill; Sunday Morning; Ocean Drive; Night Owl.', ""turn 3: I'm searching for a text document to open; nothing fancy, just one file will do. -> All right, launching the file chooser—please select the text document you need."", 'turn 4: Let’s create a new text document for me called JournalEntry.txt. -> JournalEntry.txt is all set at content://documents/JournalEntry.txt.']"	Email it to me@example.com with subject Journal Entry	Email content://documents/JournalEntry.txt to me@example.com with subject Journal Entry	{'plan': 'send_email', 'arguments': {'to': 'me@example.com', 'subject': 'Journal Entry', 'attachments': ['content://documents/JournalEntry.txt']}}	play_music-1369-ACTION_VIEW_PLAYLIST-1-ACTION_OPEN_DOCUMENT-1_NR-ACTION_CREATE_DOCUMENT-1-send_email-1	['ACTION_VIEW_CALL_LOG', 'ACTION_GET_CONTENT', 'send_email', 'launch_application', 'ACTION_VIEW_SENT_EMAILS']
"['turn 1: Show me the contract PDF at content://docs/contract.pdf -> Contract PDF is ready for you at content://docs/contract.pdf.', ""turn 2: I want to shoot a photo; please launch the still mode camera on my phone. -> Your phone's still image camera is now open and ready."", 'turn 3: I want to select one document that is in text format. Open my document picker. -> Here’s the text file picker—go ahead and choose a document.', ""turn 4: Make the document that is in text format a text file named Journal.txt -> Your text file 'Journal.txt' has been created at content://documents/Journal.txt. Feel free to start editing.""]"	Send it to jane.doe@gmail.com with subject 'Daily Journal' and body 'Here is today's entry.'	Send content://documents/Journal.txt to jane.doe@gmail.com with subject 'Daily Journal' and body 'Here is today's entry.'	"{'plan': 'send_email', 'arguments': {'to': 'jane.doe@gmail.com', 'subject': 'Daily Journal', 'body': ""Here is today's entry."", 'attachments': ['content://documents/Journal.txt']}}"	ACTION_OPEN_CONTENT-269-INTENT_ACTION_STILL_IMAGE_CAMERA-1_NR-ACTION_OPEN_DOCUMENT-1_NR-ACTION_CREATE_DOCUMENT-1-send_email-1	['ACTION_CREATE_DOCUMENT', 'ACTION_EDIT_DOCUMENT', 'send_email', 'ACTION_SET_RINGTONE', 'ACTION_GET_RINGTONE']
"['turn 1: Could you connect me to the number 4044044044? -> Starting a call to 4044044044...', ""turn 2: Add 4044044044 to my contact list. -> I've added 4044044044 to your contact list. (URI: content://contacts/people/4044044044)"", 'turn 3: I want to choose one PDF document for permanent access. Please open the file chooser. -> Sure, opening the PDF picker—please select the document you’d like to grant long‑term access to.', 'turn 4: Go ahead and create one named BudgetReport.pdf. -> BudgetReport.pdf has been created at content://documents/BudgetReport.pdf.']"	Email it to finance@company.com asking them to review the budget	Email content://documents/BudgetReport.pdf to finance@company.com asking them to review the budget	{'plan': 'send_email', 'arguments': {'to': 'finance@company.com', 'body': 'asking them to review the budget', 'attachments': ['content://documents/BudgetReport.pdf']}}	dial-927-ACTION_INSERT_CONTACT-1-ACTION_OPEN_DOCUMENT-1_NR-ACTION_CREATE_DOCUMENT-1-send_email-1	['ACTION_EDIT_DOCUMENT', 'send_email', 'ACTION_VIEW_RECENT_APPS', 'ACTION_NAVIGATE_TO_LOCATION', 'search_location']
"['turn 1: Open default camera to shoot a video. -> The video camera is now open and ready to record.', 'turn 2: Pick a recorded video to play back -> Alright—opening your video picker. Tap the recording you want to play back.', ""turn 3: Can you open an image file for me? I'm looking for persistent access to it. -> Opening document picker for images. Choose a file to grant persistent access."", ""turn 4: Create content://media/picker/0/com.android.providers.media.documents/document/image%3A1756 with the name NewPhoto.jpg -> Got it—your new JPEG 'NewPhoto.jpg' is available at content://media/picker/0/com.android.providers.media.documents/document/image%3A1756. You can open or modify it now.""]"	Email it to friend@example.com with subject 'Check this out' and body 'Here's the photo we took yesterday.'	Email content://media/picker/0/com.android.providers.media.documents/document/image%3A1756 to friend@example.com with subject 'Check this out' and body 'Here's the photo we took yesterday.'	"{'plan': 'send_email', 'arguments': {'to': 'friend@example.com', 'subject': 'Check this out', 'body': ""Here's the photo we took yesterday."", 'attachments': ['content://media/picker/0/com.android.providers.media.documents/document/image%3A1756']}}"	INTENT_ACTION_VIDEO_CAMERA-904-ACTION_GET_CONTENT-1-ACTION_OPEN_DOCUMENT-1_NR-ACTION_CREATE_DOCUMENT-1-send_email-1	['dial', 'ACTION_SET_ALARM', 'ACTION_CREATE_DOCUMENT', 'send_email', 'ACTION_OPEN_CONTENT']
"[""turn 1: Can you display the history of recently used applications? -> Here's your recent apps: WhatsApp; Instagram; Spotify; Gmail"", ""turn 2: I need a quick selection of a contact's detail. -> No problem—here’s your contacts. Tap a name to pick a contact."", 'turn 3: Show me a selection dialog where I can pick multiple plain text files. -> Opening the plain text file picker—you can select multiple documents now.', ""turn 4: Create a new plain text document named GroceryList.txt. -> All set—'GroceryList.txt' has been created at content://documents/GroceryList.txt. You can now jot down your items.""]"	Text it to my spouse saying 'Here's the grocery list for this week.'	Text content://documents/GroceryList.txt to my spouse saying 'Here's the grocery list for this week.'	"{'plan': 'send_message', 'arguments': {'to': 'my spouse', 'message': ""Here's the grocery list for this week."", 'attachments': ['content://documents/GroceryList.txt']}}"	ACTION_VIEW_RECENT_APPS-2201-ACTION_PICK-1_NR-ACTION_OPEN_DOCUMENT-1_NR-ACTION_CREATE_DOCUMENT-1-send_message-1	['ACTION_SET_RINGTONE', 'ACTION_OPEN_DOCUMENT', 'send_message', 'ACTION_OPEN_CONTENT', 'play_video']
"['turn 1: Load WOFF2 font file: content://fonts/iconfont.woff2, MIME font/woff2. -> WOFF2 font at content://fonts/iconfont.woff2 is now imported and ready to use.', 'turn 2: Open my still camera so I can freeze a moment in time. -> Still image camera started. You can take your shot.', ""turn 3: Pick the picture I just snapped. -> Ready! Here's the picture you just snapped: content://temp/img_0045.jpg"", 'turn 4: Save content://temp/img_0045.jpg into a new JPEG file named Snap.jpg -> Snap.jpg has been created and saved at content://pictures/Snap.jpg. Enjoy!']"	Send it to Mike saying 'Here's the snap I took.'	Send content://pictures/Snap.jpg to Mike saying 'Here's the snap I took.'	"{'plan': 'send_message', 'arguments': {'to': 'Mike', 'message': ""Here's the snap I took."", 'attachments': ['content://pictures/Snap.jpg']}}"	ACTION_OPEN_CONTENT-274-INTENT_ACTION_STILL_IMAGE_CAMERA-1_NR-ACTION_GET_CONTENT-1-ACTION_CREATE_DOCUMENT-1-send_message-1	['search_location', 'ACTION_VIEW_SENT_EMAILS', 'ACTION_EDIT_DOCUMENT', 'ACTION_GET_CONTENT', 'send_message']
"[""turn 1: I'd like to create a new PowerPoint slide deck titled DraftDeck.pptx. -> DraftDeck.pptx is ready! You can find it here: content://documents/DraftDeck.pptx."", 'turn 2: Add a title slide and a summary slide to content://documents/DraftDeck.pptx. -> Done! DraftDeck.pptx now includes a title slide and a summary slide. You can edit it at content://documents/DraftDeck.pptx.', 'turn 3: I want to choose more than one image at once. Please open a multi-select dialog for images. -> Here’s the multi-select image picker—feel free to pick all the photos you want.', 'turn 4: Create a new JPEG image file named LandscapePhoto.jpg. -> LandscapePhoto.jpg has been created at content://documents/LandscapePhoto.jpg. Go ahead and add your image.']"	Send it to Lisa saying 'Take a look at this landscape photo.'	Send content://documents/LandscapePhoto.jpg to Lisa saying 'Take a look at this landscape photo.'	{'plan': 'send_message', 'arguments': {'to': 'Lisa', 'message': 'Take a look at this landscape photo.', 'attachments': ['content://documents/LandscapePhoto.jpg']}}	ACTION_CREATE_DOCUMENT-16-ACTION_EDIT_DOCUMENT-1-ACTION_OPEN_DOCUMENT-1_NR-ACTION_CREATE_DOCUMENT-1-send_message-1	['ACTION_VIEW_EVENT', 'send_message', 'ACTION_INSERT_EVENT', 'ACTION_SHOW_ALARMS', 'ACTION_EDIT_DOCUMENT']
"['turn 1: Show me the contract PDF at content://docs/contract.pdf -> Contract PDF is ready for you at content://docs/contract.pdf.', ""turn 2: I want to shoot a photo; please launch the still mode camera on my phone. -> Your phone's still image camera is now open and ready."", 'turn 3: I want to select one document that is in text format. Open my document picker. -> Here’s the text file picker—go ahead and choose a document.', ""turn 4: Make the document that is in text format a text file named Journal.txt -> Your text file 'Journal.txt' has been created at content://documents/Journal.txt. Feel free to start editing.""]"	Send it to Emma saying 'Just finished my journal, take a look'	Send content://documents/Journal.txt to Emma saying 'Just finished my journal, take a look'	{'plan': 'send_message', 'arguments': {'to': 'Emma', 'message': 'Just finished my journal, take a look', 'attachments': ['content://documents/Journal.txt']}}	ACTION_OPEN_CONTENT-269-INTENT_ACTION_STILL_IMAGE_CAMERA-1_NR-ACTION_OPEN_DOCUMENT-1_NR-ACTION_CREATE_DOCUMENT-1-send_message-1	['send_message', 'ACTION_OPEN_CONTENT', 'ACTION_VIEW_CALL_LOG', 'ACTION_VIEW_WEB_HISTORY', 'ACTION_VIEW_RECENT_APPS']
